-- phpMyAdmin SQL Dump
-- version 5.2.0
-- https://www.phpmyadmin.net/
--
-- Host: 127.0.0.1
-- Generation Time: May 06, 2025 at 06:48 PM
-- Server version: 10.4.27-MariaDB
-- PHP Version: 7.4.33

SET SQL_MODE = "NO_AUTO_VALUE_ON_ZERO";
START TRANSACTION;
SET time_zone = "+00:00";


/*!40101 SET @OLD_CHARACTER_SET_CLIENT=@@CHARACTER_SET_CLIENT */;
/*!40101 SET @OLD_CHARACTER_SET_RESULTS=@@CHARACTER_SET_RESULTS */;
/*!40101 SET @OLD_COLLATION_CONNECTION=@@COLLATION_CONNECTION */;
/*!40101 SET NAMES utf8mb4 */;

--
-- Database: `sipreti_db`
--

-- --------------------------------------------------------

--
-- Table structure for table `auth_group`
--

CREATE TABLE `auth_group` (
  `id` int(11) NOT NULL,
  `name` varchar(150) NOT NULL
) ENGINE=InnoDB DEFAULT CHARSET=utf8mb4 COLLATE=utf8mb4_general_ci;

-- --------------------------------------------------------

--
-- Table structure for table `auth_group_permissions`
--

CREATE TABLE `auth_group_permissions` (
  `id` int(11) NOT NULL,
  `group_id` int(11) NOT NULL,
  `permission_id` int(11) NOT NULL
) ENGINE=InnoDB DEFAULT CHARSET=utf8mb4 COLLATE=utf8mb4_general_ci;

-- --------------------------------------------------------

--
-- Table structure for table `auth_permission`
--

CREATE TABLE `auth_permission` (
  `id` int(11) NOT NULL,
  `name` varchar(255) NOT NULL,
  `content_type_id` int(11) NOT NULL,
  `codename` varchar(100) NOT NULL
) ENGINE=InnoDB DEFAULT CHARSET=utf8mb4 COLLATE=utf8mb4_general_ci;

--
-- Dumping data for table `auth_permission`
--

INSERT INTO `auth_permission` (`id`, `name`, `content_type_id`, `codename`) VALUES
(1, 'Can add log entry', 1, 'add_logentry'),
(2, 'Can change log entry', 1, 'change_logentry'),
(3, 'Can delete log entry', 1, 'delete_logentry'),
(4, 'Can view log entry', 1, 'view_logentry'),
(5, 'Can add permission', 2, 'add_permission'),
(6, 'Can change permission', 2, 'change_permission'),
(7, 'Can delete permission', 2, 'delete_permission'),
(8, 'Can view permission', 2, 'view_permission'),
(9, 'Can add group', 3, 'add_group'),
(10, 'Can change group', 3, 'change_group'),
(11, 'Can delete group', 3, 'delete_group'),
(12, 'Can view group', 3, 'view_group'),
(13, 'Can add user', 4, 'add_user'),
(14, 'Can change user', 4, 'change_user'),
(15, 'Can delete user', 4, 'delete_user'),
(16, 'Can view user', 4, 'view_user'),
(17, 'Can add content type', 5, 'add_contenttype'),
(18, 'Can change content type', 5, 'change_contenttype'),
(19, 'Can delete content type', 5, 'delete_contenttype'),
(20, 'Can view content type', 5, 'view_contenttype'),
(21, 'Can add session', 6, 'add_session'),
(22, 'Can change session', 6, 'change_session'),
(23, 'Can delete session', 6, 'delete_session'),
(24, 'Can view session', 6, 'view_session'),
(25, 'Can add biometrik', 7, 'add_biometrik'),
(26, 'Can change biometrik', 7, 'change_biometrik'),
(27, 'Can delete biometrik', 7, 'delete_biometrik'),
(28, 'Can view biometrik', 7, 'view_biometrik');

-- --------------------------------------------------------

--
-- Table structure for table `auth_user`
--

CREATE TABLE `auth_user` (
  `id` int(11) NOT NULL,
  `password` varchar(128) NOT NULL,
  `last_login` datetime(6) DEFAULT NULL,
  `is_superuser` tinyint(1) NOT NULL,
  `username` varchar(150) NOT NULL,
  `first_name` varchar(30) NOT NULL,
  `last_name` varchar(150) NOT NULL,
  `email` varchar(254) NOT NULL,
  `is_staff` tinyint(1) NOT NULL,
  `is_active` tinyint(1) NOT NULL,
  `date_joined` datetime(6) NOT NULL
) ENGINE=InnoDB DEFAULT CHARSET=utf8mb4 COLLATE=utf8mb4_general_ci;

-- --------------------------------------------------------

--
-- Table structure for table `auth_user_groups`
--

CREATE TABLE `auth_user_groups` (
  `id` int(11) NOT NULL,
  `user_id` int(11) NOT NULL,
  `group_id` int(11) NOT NULL
) ENGINE=InnoDB DEFAULT CHARSET=utf8mb4 COLLATE=utf8mb4_general_ci;

-- --------------------------------------------------------

--
-- Table structure for table `auth_user_user_permissions`
--

CREATE TABLE `auth_user_user_permissions` (
  `id` int(11) NOT NULL,
  `user_id` int(11) NOT NULL,
  `permission_id` int(11) NOT NULL
) ENGINE=InnoDB DEFAULT CHARSET=utf8mb4 COLLATE=utf8mb4_general_ci;

-- --------------------------------------------------------

--
-- Table structure for table `django_admin_log`
--

CREATE TABLE `django_admin_log` (
  `id` int(11) NOT NULL,
  `action_time` datetime(6) NOT NULL,
  `object_id` longtext DEFAULT NULL,
  `object_repr` varchar(200) NOT NULL,
  `action_flag` smallint(5) UNSIGNED NOT NULL CHECK (`action_flag` >= 0),
  `change_message` longtext NOT NULL,
  `content_type_id` int(11) DEFAULT NULL,
  `user_id` int(11) NOT NULL
) ENGINE=InnoDB DEFAULT CHARSET=utf8mb4 COLLATE=utf8mb4_general_ci;

-- --------------------------------------------------------

--
-- Table structure for table `django_content_type`
--

CREATE TABLE `django_content_type` (
  `id` int(11) NOT NULL,
  `app_label` varchar(100) NOT NULL,
  `model` varchar(100) NOT NULL
) ENGINE=InnoDB DEFAULT CHARSET=utf8mb4 COLLATE=utf8mb4_general_ci;

--
-- Dumping data for table `django_content_type`
--

INSERT INTO `django_content_type` (`id`, `app_label`, `model`) VALUES
(1, 'admin', 'logentry'),
(3, 'auth', 'group'),
(2, 'auth', 'permission'),
(4, 'auth', 'user'),
(5, 'contenttypes', 'contenttype'),
(6, 'sessions', 'session'),
(7, 'sipreti', 'biometrik');

-- --------------------------------------------------------

--
-- Table structure for table `django_migrations`
--

CREATE TABLE `django_migrations` (
  `id` int(11) NOT NULL,
  `app` varchar(255) NOT NULL,
  `name` varchar(255) NOT NULL,
  `applied` datetime(6) NOT NULL
) ENGINE=InnoDB DEFAULT CHARSET=utf8mb4 COLLATE=utf8mb4_general_ci;

--
-- Dumping data for table `django_migrations`
--

INSERT INTO `django_migrations` (`id`, `app`, `name`, `applied`) VALUES
(1, 'contenttypes', '0001_initial', '2025-04-29 04:53:36.222142'),
(2, 'auth', '0001_initial', '2025-04-29 04:53:36.438016'),
(3, 'admin', '0001_initial', '2025-04-29 04:53:37.379998'),
(4, 'admin', '0002_logentry_remove_auto_add', '2025-04-29 04:53:37.614994'),
(5, 'admin', '0003_logentry_add_action_flag_choices', '2025-04-29 04:53:37.630298'),
(6, 'contenttypes', '0002_remove_content_type_name', '2025-04-29 04:53:37.750256'),
(7, 'auth', '0002_alter_permission_name_max_length', '2025-04-29 04:53:37.873840'),
(8, 'auth', '0003_alter_user_email_max_length', '2025-04-29 04:53:37.904186'),
(9, 'auth', '0004_alter_user_username_opts', '2025-04-29 04:53:37.918103'),
(10, 'auth', '0005_alter_user_last_login_null', '2025-04-29 04:53:38.011824'),
(11, 'auth', '0006_require_contenttypes_0002', '2025-04-29 04:53:38.020714'),
(12, 'auth', '0007_alter_validators_add_error_messages', '2025-04-29 04:53:38.037198'),
(13, 'auth', '0008_alter_user_username_max_length', '2025-04-29 04:53:38.061050'),
(14, 'auth', '0009_alter_user_last_name_max_length', '2025-04-29 04:53:38.086429'),
(15, 'auth', '0010_alter_group_name_max_length', '2025-04-29 04:53:38.109571'),
(16, 'auth', '0011_update_proxy_permissions', '2025-04-29 04:53:38.127485'),
(17, 'sessions', '0001_initial', '2025-04-29 04:53:38.163936'),
(18, 'sipreti', '0001_initial', '2025-04-29 04:53:38.302505');

-- --------------------------------------------------------

--
-- Table structure for table `django_session`
--

CREATE TABLE `django_session` (
  `session_key` varchar(40) NOT NULL,
  `session_data` longtext NOT NULL,
  `expire_date` datetime(6) NOT NULL
) ENGINE=InnoDB DEFAULT CHARSET=utf8mb4 COLLATE=utf8mb4_general_ci;

-- --------------------------------------------------------

--
-- Table structure for table `jabatan`
--

CREATE TABLE `jabatan` (
  `id_jabatan` int(11) NOT NULL,
  `nama_jabatan` varchar(255) NOT NULL,
  `created_at` timestamp NOT NULL DEFAULT current_timestamp(),
  `updated_at` timestamp NOT NULL DEFAULT current_timestamp() ON UPDATE current_timestamp(),
  `deleted_at` timestamp NULL DEFAULT NULL
) ENGINE=InnoDB DEFAULT CHARSET=utf8mb4 COLLATE=utf8mb4_general_ci;

--
-- Dumping data for table `jabatan`
--

INSERT INTO `jabatan` (`id_jabatan`, `nama_jabatan`, `created_at`, `updated_at`, `deleted_at`) VALUES
(1, 'Guru SMP Negeri', '2025-03-11 12:09:36', '2025-03-11 18:10:55', '2025-03-11 12:10:55'),
(2, 'Administrasi', '2025-03-11 12:10:06', '2025-03-11 18:10:06', NULL),
(3, 'Dosen PTN', '2025-03-11 21:43:24', '2025-03-12 04:53:38', '2025-03-11 22:53:38'),
(4, 'Pemberdayaan Masyarakat', '2025-03-11 22:18:48', '2025-03-12 04:21:11', '2025-03-11 22:21:11'),
(5, 'Pranata Komputer', '2025-03-11 22:52:51', '2025-03-11 23:03:28', NULL),
(6, 'Dosen', '2025-03-11 23:03:14', '2025-03-12 05:03:14', NULL);

-- --------------------------------------------------------

--
-- Table structure for table `log_absensi`
--

CREATE TABLE `log_absensi` (
  `id_log_absensi` int(11) NOT NULL,
  `id_pegawai` int(11) NOT NULL,
  `jenis_absensi` tinyint(4) NOT NULL COMMENT '0: harian, 1: dinas',
  `check_mode` tinyint(4) NOT NULL COMMENT '0: check in, 1: check out',
  `waktu_absensi` datetime NOT NULL,
  `lattitude` double NOT NULL,
  `longitude` double NOT NULL,
  `nama_lokasi` varchar(255) DEFAULT NULL,
  `url_foto_presensi` varchar(255) DEFAULT NULL,
  `url_dokumen` varchar(255) DEFAULT NULL,
  `created_at` timestamp NOT NULL DEFAULT current_timestamp(),
  `updated_at` timestamp NOT NULL DEFAULT current_timestamp() ON UPDATE current_timestamp(),
  `deleted_at` timestamp NULL DEFAULT NULL
) ENGINE=InnoDB DEFAULT CHARSET=utf8mb4 COLLATE=utf8mb4_general_ci;

--
-- Dumping data for table `log_absensi`
--

INSERT INTO `log_absensi` (`id_log_absensi`, `id_pegawai`, `jenis_absensi`, `check_mode`, `waktu_absensi`, `lattitude`, `longitude`, `nama_lokasi`, `url_foto_presensi`, `url_dokumen`, `created_at`, `updated_at`, `deleted_at`) VALUES
(1, 2, 1, 0, '0000-00-00 00:00:00', 1, 1, '-', '-', '-', '2025-03-12 01:23:29', '2025-03-12 07:23:48', '2025-03-12 01:23:48'),
(2, 4, 0, 1, '2025-03-19 08:00:00', -6.2, 106.8166, 'Kantor Pusat', '-', NULL, '2025-03-18 20:50:26', '2025-03-19 02:51:02', '2025-03-18 20:51:02'),
(3, 4, 0, 1, '2025-03-19 08:00:00', -6.2, 106.8166, 'Kantor Pusat', 'http://localhost/sipreti/uploads/4/foto_20250319_040321.jpg', 'http://localhost/sipreti/uploads/4/dokumen_20250319_040321.pdf', '2025-03-18 21:03:21', '2025-05-06 16:01:49', '2025-05-06 11:01:49'),
(4, 3, 0, 1, '2025-03-19 08:00:00', -6.2, 106.8166, 'Kantor Pusat', 'http://localhost/sipreti/uploads/3/foto_20250319_040333.jpg', 'http://localhost/sipreti/uploads/3/dokumen_20250319_040333.pdf', '2025-03-18 21:03:33', '2025-05-06 16:01:55', '2025-05-06 11:01:55'),
(5, 3, 0, 1, '2025-03-19 08:00:00', -6.2, 106.8166, 'Kantor Pusat', 'http://localhost/sipreti/uploads/3/foto_20250319_040438.jpg', NULL, '2025-03-18 21:04:38', '2025-03-19 03:04:38', NULL),
(6, 3, 0, 1, '2025-03-19 08:00:00', -6.2, 106.8166, 'Kantor Pusat', 'http://localhost/sipreti/uploads/3/foto_20250319_040529.jpg', NULL, '2025-03-18 21:05:29', '2025-03-19 03:05:29', NULL),
(7, 4, 0, 1, '2025-03-19 08:00:00', -6.2, 106.8166, 'Kantor Pusat', 'http://localhost/sipreti/uploads/4/foto_20250501_193803.jpg', NULL, '2025-05-01 12:38:03', '2025-05-01 17:38:03', NULL),
(8, 3, 0, 0, '2025-05-02 10:49:41', -7.943759, 112.6144014, '3J47+JQG, 3J47+JQG, Jatimulyo, Kecamatan Lowokwaru, Jawa Timur, , Indonesia', 'http://localhost/sipreti/uploads/3/foto_20250502_055033.jpg', NULL, '2025-05-01 22:50:33', '2025-05-02 03:50:33', NULL),
(9, 3, 0, 0, '2025-05-02 13:32:14', -7.9436309, 112.6144218, '3J47+JQG, 3J47+JQG, Jatimulyo, Kecamatan Lowokwaru, Jawa Timur, , Indonesia', 'http://localhost/sipreti/uploads/3/foto_20250502_083317.jpg', NULL, '2025-05-02 01:33:17', '2025-05-02 06:33:17', NULL),
(10, 3, 0, 0, '2025-05-02 13:40:13', -7.9436406, 112.6142068, '3J47+JQG, 3J47+JQG, Jatimulyo, Kecamatan Lowokwaru, Jawa Timur, , Indonesia', 'http://localhost/sipreti/uploads/3/foto_20250502_084110.jpg', NULL, '2025-05-02 01:41:10', '2025-05-02 06:41:10', NULL),
(11, 3, 0, 0, '2025-05-03 10:47:23', -7.9437105, 112.6143933, '3J47+JQG, 3J47+JQG, Jatimulyo, Kecamatan Lowokwaru, Jawa Timur, , Indonesia', 'http://localhost/sipreti/uploads/3/foto_20250503_055031.jpg', NULL, '2025-05-02 22:50:31', '2025-05-03 03:50:31', NULL);

-- --------------------------------------------------------

--
-- Table structure for table `pegawai`
--

CREATE TABLE `pegawai` (
  `id_pegawai` int(11) NOT NULL,
  `id_jabatan` int(11) DEFAULT NULL,
  `id_unit_kerja` int(11) DEFAULT NULL,
  `nip` varchar(50) NOT NULL,
  `nama` varchar(255) NOT NULL,
  `url_foto` varchar(255) DEFAULT NULL,
  `created_at` timestamp NOT NULL DEFAULT current_timestamp(),
  `updated_at` timestamp NOT NULL DEFAULT current_timestamp() ON UPDATE current_timestamp(),
  `deleted_at` timestamp NULL DEFAULT NULL
) ENGINE=InnoDB DEFAULT CHARSET=utf8mb4 COLLATE=utf8mb4_general_ci;

--
-- Dumping data for table `pegawai`
--

INSERT INTO `pegawai` (`id_pegawai`, `id_jabatan`, `id_unit_kerja`, `nip`, `nama`, `url_foto`, `created_at`, `updated_at`, `deleted_at`) VALUES
(1, 2, 1, '1929182832', 'Jonathan Rizki', '-', '2025-03-12 00:54:26', '2025-03-12 06:55:21', '2025-03-12 00:55:21'),
(2, 1, 1, '1928192819', 'Budiyono', '-', '2025-03-12 00:54:51', '2025-05-06 09:30:36', '2025-05-06 04:30:36'),
(3, 2, 1, '2141720064', 'Raden Rizki', '-', '2025-03-12 21:12:12', '2025-05-05 04:11:23', NULL),
(4, 5, 1, '2141820192', 'Chico Kurniawan', '-', '2025-03-12 22:03:07', '2025-03-13 04:03:07', NULL),
(5, 1, 1, '120', 'Budiyono', '-', '2025-05-06 11:04:52', '2025-05-06 16:04:52', NULL);

-- --------------------------------------------------------

--
-- Table structure for table `radius_absen`
--

CREATE TABLE `radius_absen` (
  `id_radius` int(11) NOT NULL,
  `ukuran` float NOT NULL,
  `satuan` varchar(50) NOT NULL,
  `created_at` timestamp NOT NULL DEFAULT current_timestamp(),
  `updated_at` timestamp NOT NULL DEFAULT current_timestamp() ON UPDATE current_timestamp(),
  `deleted_at` timestamp NULL DEFAULT NULL
) ENGINE=InnoDB DEFAULT CHARSET=utf8mb4 COLLATE=utf8mb4_general_ci;

--
-- Dumping data for table `radius_absen`
--

INSERT INTO `radius_absen` (`id_radius`, `ukuran`, `satuan`, `created_at`, `updated_at`, `deleted_at`) VALUES
(1, 100, 'Meter', '2025-03-11 23:55:21', '2025-03-12 05:55:21', NULL),
(2, 60, 'Meter', '2025-03-11 23:56:17', '2025-03-12 05:56:41', '2025-03-11 23:56:41'),
(3, 50, 'Meter', '2025-03-12 00:26:32', '2025-03-12 06:26:32', NULL),
(4, 60, 'Meter', '2025-03-12 00:59:48', '2025-03-12 06:59:48', NULL);

-- --------------------------------------------------------

--
-- Table structure for table `sipreti_biometrik`
--

CREATE TABLE `sipreti_biometrik` (
  `id` int(11) NOT NULL,
  `id_pegawai` int(11) NOT NULL,
  `name` varchar(200) NOT NULL,
  `image` longtext NOT NULL,
  `face_id` varchar(200) NOT NULL,
  `created_at` datetime(6) NOT NULL,
  `updated_at` datetime(6) NOT NULL
) ENGINE=InnoDB DEFAULT CHARSET=utf8mb4 COLLATE=utf8mb4_general_ci;

--
-- Dumping data for table `sipreti_biometrik`
--

INSERT INTO `sipreti_biometrik` (`id`, `id_pegawai`, `name`, `image`, `face_id`, `created_at`, `updated_at`) VALUES
(1, 3, 'Raden Rizki', '', '3.1', '2025-04-29 04:57:55.572105', '2025-04-29 04:57:55.584846'),
(2, 3, 'Raden Rizki', 'iuygkhgkh', '3.2', '2025-04-29 05:03:55.924929', '2025-04-29 05:03:55.933189'),
(3, 3, 'Raden Rizki', 'http://127.0.0.1:8000/media/biometrik/3/1745913345_2141720064-jXpVD.jpg', '3.3', '2025-04-29 07:55:57.411881', '2025-04-29 07:55:57.417331'),
(4, 3, 'Raden Rizki', 'http://127.0.0.1:8000/media/biometrik/3/1745913700_2141720064-jXpVD.jpg', '3.4', '2025-04-29 08:01:47.682651', '2025-04-29 08:01:47.689651'),
(5, 3, 'Raden Rizki', 'http://127.0.0.1:8000/media/biometrik/3/1745913882_photo_profile%20(1).jpg', '3.5', '2025-04-29 08:04:48.593399', '2025-04-29 08:04:48.603448'),
(6, 3, 'Raden Rizki', 'http://127.0.0.1:8000/media/biometrik/3/1745914009_2141720064-jXpVD.jpg', '3.6', '2025-04-29 08:06:56.863160', '2025-04-29 08:06:56.878787'),
(7, 4, 'Mariono', 'http://127.0.0.1:8000/media/biometrik/4/1745914334_6mj4Z4CcAmjAhdW1mX4TOg9kbye.jpg', '4.7', '2025-04-29 08:12:20.085319', '2025-04-29 08:12:20.091317'),
(8, 4, 'Mariono', 'http://127.0.0.1:8000/media/biometrik/4/1746246008_6mj4Z4CcAmjAhdW1mX4TOg9kbye.jpg', '4.8', '2025-05-03 04:20:15.091905', '2025-05-03 04:20:15.098897');

-- --------------------------------------------------------

--
-- Table structure for table `unit_kerja`
--

CREATE TABLE `unit_kerja` (
  `id_unit_kerja` int(11) NOT NULL,
  `id_radius` int(11) DEFAULT NULL,
  `nama_unit_kerja` varchar(255) NOT NULL,
  `alamat` text NOT NULL,
  `lattitude` double NOT NULL,
  `longitude` double NOT NULL,
  `created_at` timestamp NOT NULL DEFAULT current_timestamp(),
  `updated_at` timestamp NOT NULL DEFAULT current_timestamp() ON UPDATE current_timestamp(),
  `deleted_at` timestamp NULL DEFAULT NULL
) ENGINE=InnoDB DEFAULT CHARSET=utf8mb4 COLLATE=utf8mb4_general_ci;

--
-- Dumping data for table `unit_kerja`
--

INSERT INTO `unit_kerja` (`id_unit_kerja`, `id_radius`, `nama_unit_kerja`, `alamat`, `lattitude`, `longitude`, `created_at`, `updated_at`, `deleted_at`) VALUES
(1, 1, 'Politeknik Negeri Malang', 'Jl. Soekarno Hatta No.9, Jatimulyo, Kec. Lowokwaru, Kota Malang, Jawa Timur 65141, Indonesia', -7.9437612, 112.6143654, '2025-03-12 00:34:03', '2025-03-12 00:34:23', NULL),
(2, 3, 'Politeknik Negeri Malang', '-', 1, 1, '2025-03-12 00:34:53', '2025-03-12 06:35:00', '2025-03-12 00:35:00');

-- --------------------------------------------------------

--
-- Table structure for table `user_android`
--

CREATE TABLE `user_android` (
  `id_user_android` int(11) NOT NULL,
  `id_pegawai` int(11) NOT NULL,
  `username` varchar(100) NOT NULL,
  `password` varchar(255) NOT NULL,
  `email` varchar(255) NOT NULL,
  `no_hp` varchar(20) NOT NULL,
  `valid_hp` varchar(10) DEFAULT NULL,
  `imei` varchar(50) DEFAULT NULL,
  `created_at` timestamp NOT NULL DEFAULT current_timestamp(),
  `updated_at` timestamp NOT NULL DEFAULT current_timestamp() ON UPDATE current_timestamp(),
  `deleted_at` timestamp NULL DEFAULT NULL
) ENGINE=InnoDB DEFAULT CHARSET=utf8mb4 COLLATE=utf8mb4_general_ci;

--
-- Dumping data for table `user_android`
--

INSERT INTO `user_android` (`id_user_android`, `id_pegawai`, `username`, `password`, `email`, `no_hp`, `valid_hp`, `imei`, `created_at`, `updated_at`, `deleted_at`) VALUES
(21, 3, 'Raden Rizki', '$2y$10$uftAgicN9XDjpXYDxZuzeOJn9EkQC1/gn9eBQjbAHTOoj4lisKW2a', 'rizkiraden616@gmail.com', '085784659725', 'OPPO CPH26', 'UP1A.231005.007', '2025-05-01 21:49:53', '2025-05-02 02:49:53', NULL);

-- --------------------------------------------------------

--
-- Table structure for table `vektor_pegawai`
--

CREATE TABLE `vektor_pegawai` (
  `id_vektor_pegawai` int(11) NOT NULL,
  `id_pegawai` int(11) NOT NULL,
  `face_embeddings` text NOT NULL,
  `url_foto` varchar(255) DEFAULT NULL,
  `created_at` timestamp NOT NULL DEFAULT current_timestamp(),
  `updated_at` timestamp NOT NULL DEFAULT current_timestamp() ON UPDATE current_timestamp(),
  `deleted_at` timestamp NULL DEFAULT NULL
) ENGINE=InnoDB DEFAULT CHARSET=utf8mb4 COLLATE=utf8mb4_general_ci;

--
-- Dumping data for table `vektor_pegawai`
--

INSERT INTO `vektor_pegawai` (`id_vektor_pegawai`, `id_pegawai`, `face_embeddings`, `url_foto`, `created_at`, `updated_at`, `deleted_at`) VALUES
(29, 3, '[-0.01830158, 0.00725576, 0.0023722, -0.0170122, -0.02075166, 0.01217656, 0.02594714, -0.00416462, -0.08887479, -0.02440732, 0.00147547, 0.00120205, 0.00617733, -0.0039795, -0.0021391, -0.02256017, -0.01354658, -0.00577782, 0.00432899, 0.00715219, 0.21296874, -0.00034477, -0.25904489, 0.00839361, 0.04251924, 0.02897456, -0.01372527, 0.10219606, -0.02240812, 0.07203813, 0.01346908, -0.01773864, -0.05042162, -0.00917889, -0.07656187, -0.01264425, 0.17569014, 0.01308792, -0.00162701, -0.0648037, -0.00070677, -0.00026319, 0.00454701, -0.00304594, -0.00601992, -0.02151826, -0.17353022, 0.01961725, -0.00776416, 0.04532003, -0.07591829, -0.00239376, -0.09167726, -0.00241033, -0.14971624, 0.00966609, 0.08256053, -0.00044087, -0.0246255, 0.00822723, -0.03255054, 0.00704148, -0.04406299, 0.23323798, -0.01206776, 0.15698184, 0.00082133, 0.01457454, 0.00051613, 8.223e-05, -0.01111881, -0.32440203, -0.25644255, -0.00059118, -0.03837451, 0.00372598, -0.00122025, -0.00119068, 0.16511104, 0.14093526, 0.00622613, 0.02520257, -0.01319968, -0.09907997, 0.0101619, 0.00327374, 0.00656819, -0.09352089, 0.08620919, 0.06848038, 0.00412686, -0.00434159, -0.01635647, -0.02516011, -0.0761232, -0.02353444, 0.05932186, 0.07859349, -0.00034047, 0.00719536, 0.00328286, 0.00776245, -0.00421573, -0.00280615, 0.00905334, 0.00744183, -0.04483822, 0.00106685, 0.00696998, 0.00738065, 0.12461745, 0.01155898, 0.00228156, -0.21058296, -0.00013791, -0.07247004, -0.00063159, -0.01149097, 0.05990634, 0.18008365, 0.16642672, 0.02065952, 0.12729596, -0.00250328, -0.00437725, -0.00164331, 0.01184018, -0.0041071, 0.01289718, 0.09250023, 0.00227118, 0.00554442, -0.00174016, 0.04986317, -0.02424797, -0.00277978, -0.05644178, 0.02207934, -0.01015983, 0.00975991, 0.0083934, -0.008502, 0.00066152, -0.11589477, -8.533e-05, 0.06617343, -0.00278879, -0.00283025, 0.00173204, 0.00423402, -0.00634578, 0.02547009, -0.01702671, -0.01663271, 0.0061322, 0.00528188, -0.00519211, 0.00811176, 0.09724332, 0.00528653, -0.01554759, 0.00116953, 0.01027152, -0.00192067, -0.00510816, 0.00124783, -0.01776092, 0.23349002, -0.00355586, 0.00060076, -0.26707631, 0.00318512, -0.00065769, 0.03478086, 0.03435682, -0.00466319, -0.01025203, 0.01053048, -0.00253338, -0.00483142, -0.07972395, 0.09264427, 0.00566182, -0.00028917, -0.01283008, 0.06633407, 0.07591216, 0.03311396, 0.16898307, -0.08584634, -0.0121721, -0.00024276]', '-', '2025-04-23 10:22:29', '2025-04-23 10:22:29', NULL),
(30, 3, '[-0.01459221, 0.00124779, -0.00688954, -0.01233135, -0.00860081, 0.02044371, -0.08617114, 0.00561225, -0.01411318, -0.00440345, -0.00434575, -0.00057353, 0.00177524, -0.01426146, -0.0011301, -0.06006667, -0.00160092, -0.00765596, 0.00192851, 0.00946171, 0.14738481, 0.0133815, -0.14957613, 0.00886237, 0.05931386, 0.017526, -0.01216518, 0.00235861, -0.06083782, 0.095557, 0.0191292, 0.05692618, -0.00816967, -0.00981743, -0.05696739, -0.19440123, 0.23089819, 0.01038089, -0.00416605, 0.04082636, -0.00039155, -0.00124034, 0.00781885, -0.00213457, -0.01026984, -0.01902483, -0.10277583, -0.06170468, -0.00761572, 0.05330522, 0.04129803, -5.81e-05, -0.20528069, -0.00339486, -0.1219442, 0.00261, 0.03720272, 0.00073764, -0.01300934, 0.0065132, -0.03640698, -0.07373238, 0.01326207, 0.02661024, -0.00574969, 0.25186589, -0.00091647, 0.0129608, -0.00052632, -0.00179334, -0.0017632, -0.43529272, -0.22312677, -0.00534034, -0.13632682, 0.0047342, -0.00728497, -0.0014833, 0.13780269, 0.17219277, 0.01151064, -0.00789738, -0.01047901, -0.04525004, -0.04864514, 0.00297829, 0.00368542, -0.04427745, 0.07462724, 0.127579, -0.0014726, 0.00174931, -0.01534662, -0.02321894, -0.13044052, 0.14079846, 0.00860376, 0.03507734, -0.0019611, 0.00115976, 0.00264298, 0.01127584, 0.00068431, -0.00272106, 0.00420283, 0.00264479, -0.10483368, 0.00279398, -0.00531723, 0.00691077, 0.16381863, 0.00747925, 0.00701591, -0.14487499, 0.00241825, -0.12319542, 0.00082431, -0.0144362, 0.08244793, 0.15216382, -0.17536291, 0.02071192, 0.12833707, -0.00284452, -5.84e-06, -0.00454037, 0.00744544, -0.00897889, 0.01855891, -0.01058521, 0.00382642, 0.00924398, 0.0004573, 0.03175855, 0.05513127, -0.0051088, -0.03007621, 0.02820651, -0.01234465, 0.00815256, 0.00682111, -0.00601747, 0.00708372, -0.02435918, -0.01531813, 0.06188644, 0.00260569, -0.00918999, -0.00230729, -0.00157364, -0.00228906, -0.07004384, 0.03452188, -0.01074152, 0.00824545, 0.00952835, -0.00290217, 0.0055272, 0.13353717, 0.001288, -0.00706734, 0.00146866, 0.01542641, -0.00269482, 0.00019727, 0.00087303, -0.02009023, 0.15300453, -0.004411, -0.00055314, -0.10548057, 0.04028476, 0.00357583, 0.02484793, 0.03110902, -0.00468128, 0.03259623, -0.00548404, -0.00252666, 0.00020299, -0.05735161, 0.1157121, 0.00236463, 0.00438117, 0.00861349, 0.04999556, 0.02415678, -0.0038275, 0.17587192, -0.15627681, -0.00207748, 0.00057427]', '-', '2025-04-23 10:22:29', '2025-04-23 10:22:29', NULL),
(31, 3, '[-0.0086532, -0.00063044, 0.00429397, -0.00919472, -0.01202525, 0.03778562, -0.07224794, 0.03234992, -0.00823554, -0.03377282, -0.00864112, 0.00161166, -0.00205769, -0.0103443, -0.00241644, -0.02854864, -0.02300781, -0.01136679, 0.00397926, 0.00883067, 0.19962864, -0.02270797, -0.31172156, 0.00827137, 0.03986771, 0.01714128, -0.01064867, 0.08571433, -0.00720901, -0.0789757, 0.01428104, -0.06251317, -0.08502381, -0.00695972, -0.05742775, 0.02314802, 0.14908303, 0.01450583, -0.00086147, -0.06918558, -0.00365919, 0.0002835, 0.00758637, -0.00431544, -0.00483909, -0.03049686, -0.05506325, 0.00992919, -0.00678486, 0.04893468, -0.04618607, -0.00061215, -0.05754889, -0.00102362, -0.22329675, -0.00017984, 0.07412528, 0.00043054, -0.01402196, 0.00696232, -0.06395264, -0.05396065, -0.09806097, 0.10346515, -0.0066684, 0.24577016, 0.00032255, 0.02496605, 0.00420733, -0.00395931, -0.01385696, -0.30508754, -0.35982975, -0.00467351, -0.03078886, 0.00548842, 0.00196488, -0.00375758, 0.13837522, 0.17457168, 0.00742338, 0.03855855, -0.01018021, 0.06104609, -0.04861115, 0.00260518, 0.00446702, -0.17058611, 0.05264499, -0.01103349, 0.01535629, -0.00564225, -0.01522202, -0.02033464, -0.1365874, -0.04202124, 0.04611374, 0.04805479, -0.00175871, -0.00641466, 0.00239911, 0.00028547, -0.00552183, -0.00102983, 0.0043808, 0.00658809, -0.04852697, 0.00384116, 0.00572521, 0.00018264, 0.02030705, 0.00318614, 0.00800381, -0.16615266, -0.00460164, -0.14787768, 0.00372362, -0.01230252, 0.10190199, 0.10638302, 0.03838068, 0.02005746, 0.01346522, -0.00616012, 0.00055494, -0.00499989, 0.01593187, -0.01014302, 0.01450757, 0.11872991, 0.00397859, 0.01046895, -0.0014871, 0.03326305, 0.01487069, -0.00069446, -0.02913167, 0.05336595, -0.00497536, 0.0184597, 0.00510559, -0.00699308, 0.0059556, -0.02559082, -0.00809599, 0.08676248, -0.00108835, -0.00093049, 0.00313059, 0.01041272, -0.00691937, -0.06043333, 0.08937936, -0.01232081, -0.0010188, 0.01050507, 0.00143071, 0.01500918, 0.0734363, 0.00128165, -0.00595782, 0.00015019, 0.01399325, -0.00145223, -0.00706087, -0.00302184, -0.00964866, 0.09662207, -0.00708904, -0.00233999, -0.27731922, -0.11845779, 0.00319574, 0.13243632, 0.01974172, -0.00453751, 0.00486213, 0.01875687, 0.00028159, -0.00206591, -0.08858221, 0.14480434, 0.00291103, 0.00592769, -0.02081721, -0.07717227, 0.0505515, -0.02800125, 0.08108659, -0.1059109, -0.01156679, -0.00252822]', '-', '2025-04-23 10:22:29', '2025-04-23 10:22:29', NULL),
(32, 4, '[-0.01104396, 0.00050436, -0.00492356, -0.00718959, -0.00614813, -0.01377177, -0.16993529, 0.07579444, 0.040486, 0.01478133, 0.01441479, -0.00100187, 0.00402553, -0.02004394, 0.00144274, -0.0083563, -0.01054251, -0.00337582, 0.00017416, 0.00199667, 0.05148825, -0.02020238, -0.25258622, 0.00533993, -0.07885925, 0.00104678, -0.0064092, -0.06478276, -0.13422574, 0.08015701, 0.02396131, 0.00826198, -0.14596517, -0.00846753, 0.01761512, -0.06920907, 0.01669247, 0.00742686, -0.00305451, 0.01889705, 0.00086208, 0.00130399, 0.00066312, 0.00077155, -0.00363412, 0.00011716, -0.21992193, 0.11197823, -0.00434629, 0.00195389, 0.00386033, 0.00284058, 0.02723137, 0.00166329, -0.09702423, 0.00523659, -0.12257075, 0.00116712, 0.0046783, -0.00628644, -0.09425959, 0.14088307, -0.02692098, 0.08265039, -0.0148153, 0.29335693, 0.00259636, 0.01694851, 0.00137351, -0.0001805, -0.00398511, -0.07819058, 0.00839689, -0.00597404, -0.18586078, 0.00468164, -0.00791241, 0.00098241, 0.09866481, 0.0130145, 0.00310961, 0.00780183, -0.00865626, 0.03609979, 0.03523527, 0.00217267, -0.00913817, 0.0205348, 0.0230277, 0.34484795, 0.03232446, 0.00195629, -0.01542276, -0.01149611, -0.12926839, 0.14614697, -0.02054884, 0.11191884, -0.00436126, -0.01716203, -0.00158316, 0.00156916, -0.00098553, -0.00376778, -0.00110928, 0.00235985, -0.0781001, 0.0006936, -0.00515875, -0.00679401, 0.0897992, 0.00368904, 0.00974227, -0.12189778, -0.00507146, -0.15207234, 0.01106472, 0.012926, 0.11424941, -1.728e-05, -0.06435049, 0.01877533, 0.09359318, -0.00044554, -0.00239467, -0.00345013, 0.00395604, -0.00428242, 0.02473208, 0.10759442, 0.00497999, 0.00703681, -0.00271988, 0.06585328, -0.04633407, 0.0025211, 0.00849823, -0.01193268, -0.00134444, 0.00294523, 0.0050858, 0.0010737, 0.00926673, -0.30701923, 0.07514083, -0.04966356, -0.00325794, -0.0078217, -0.00063552, 0.00380367, -0.01244044, -0.08176915, 0.12425295, -0.01220911, 0.0048752, 0.00826756, -0.01424658, 0.00205395, -0.00217671, -0.00267345, -0.00031464, 0.0022003, 0.01489783, -0.00020731, -0.00127697, -0.00093596, -0.01130586, 0.16605586, -0.00806256, -0.00252598, -0.2017394, -0.00937125, -0.0015393, 0.0654794, 0.02518261, -0.00612943, 0.05333937, 0.01761358, 0.00029775, 0.00427826, -0.02817183, 0.14280172, 0.00808331, 0.00684266, -0.08941963, -0.15330145, -0.0542217, -0.02506625, 0.19809696, 0.03888734, 0.00330487, -0.00278326]', '-', '2025-04-23 10:22:34', '2025-04-23 10:22:34', NULL),
(33, 4, '[-0.01436156, 0.00585808, 0.00411869, 0.01331589, -0.00356993, 0.06591578, -0.15742627, 0.14043662, -0.06878693, -0.11750933, -0.00800162, 0.00248809, 0.00200166, -0.01099744, 0.00366546, -0.01360195, -0.0238965, -0.00508289, -0.00089553, 0.01096812, 0.17100249, -0.04151746, -0.19628565, 0.00702083, 0.02636094, 0.00290615, -0.0199901, -0.06656999, -0.04913502, 0.15504776, 0.01057778, 0.04710714, -0.05027901, -0.00749009, -0.04652888, 0.0693517, -0.23189332, 0.03343569, -0.00447457, -0.29272676, 0.0025042, 0.00085665, -0.00154638, 0.00061941, -0.00481915, -0.03924121, -0.0412377, -0.04847837, 0.00252369, 0.03546605, -0.01514139, 0.0014446, 0.00591366, 0.00234132, -0.15318437, 0.00109523, -0.18865444, 0.00114063, 0.03007586, 0.00197365, -0.04356502, 0.06359312, -0.09484369, 0.12640204, -0.00924436, 0.18672469, 0.00169068, 0.02244687, -0.00451463, -0.00390153, -0.0062397, 0.11444123, -0.15606338, -0.0069101, 0.01553013, -0.00344934, 0.00154288, 1.822e-05, 0.14691117, 0.04669969, 0.00849435, 0.00920493, 0.00231415, -0.06966858, -0.00583252, -0.00295277, -0.01139147, 0.01942667, 0.06214567, 0.24877134, 6.574e-05, -0.00265715, -0.01496775, -0.02078696, -0.09337283, -0.14265943, 0.04385183, 0.09429013, -0.00583972, 0.01105736, 0.00136812, -0.00199204, -0.00053648, -0.00397986, 0.00484404, 0.00473095, -0.04060713, -0.00374186, -0.01700155, 0.00121425, 0.00710702, -0.0003658, 0.01194611, -0.29433027, -0.00422995, -0.03728967, 0.00561157, 0.00492825, 0.19934241, 0.10974941, -0.03099504, 0.01253439, 0.05560402, -0.00486991, -0.00236032, -0.0032983, 0.00587853, -0.00551368, 0.00198767, 0.06709491, 0.00876606, 0.00825757, -0.00323268, 0.01399851, -0.01082786, 0.0059578, 0.09783012, -0.01078865, 0.0154835, -0.00466824, 0.00378533, -0.00350678, 0.00524197, -0.32129255, 0.05376741, -0.05781294, -0.01365733, -0.00232912, -0.00897106, 0.00999697, -0.02111525, -0.01323437, 0.15601461, -0.00130606, -0.0007149, 0.00526563, -0.00163419, -0.00559408, -0.04017151, 0.00035608, 0.00587543, -0.00317709, 0.00370945, 0.00429827, -0.00087444, -0.00038067, -0.00546287, 0.01278279, -0.00878711, -0.00485148, -0.14901696, 0.01097576, -0.0048234, 0.01829317, 0.02570504, -0.00398219, 0.08368031, 0.05236767, 0.00355621, 0.00765998, 0.03226652, 0.07330646, 0.0184367, 0.00033172, 0.04698825, -0.03501029, -0.02802904, -0.04415974, 0.1276921, 0.09613711, 0.00128937, -0.00077934]', '-', '2025-04-23 10:22:34', '2025-04-23 10:22:34', NULL),
(34, 3, '[-0.01830158, 0.00725576, 0.0023722, -0.0170122, -0.02075166, 0.01217656, 0.02594714, -0.00416462, -0.08887479, -0.02440732, 0.00147547, 0.00120205, 0.00617733, -0.0039795, -0.0021391, -0.02256017, -0.01354658, -0.00577782, 0.00432899, 0.00715219, 0.21296874, -0.00034477, -0.25904489, 0.00839361, 0.04251924, 0.02897456, -0.01372527, 0.10219606, -0.02240812, 0.07203813, 0.01346908, -0.01773864, -0.05042162, -0.00917889, -0.07656187, -0.01264425, 0.17569014, 0.01308792, -0.00162701, -0.0648037, -0.00070677, -0.00026319, 0.00454701, -0.00304594, -0.00601992, -0.02151826, -0.17353022, 0.01961725, -0.00776416, 0.04532003, -0.07591829, -0.00239376, -0.09167726, -0.00241033, -0.14971624, 0.00966609, 0.08256053, -0.00044087, -0.0246255, 0.00822723, -0.03255054, 0.00704148, -0.04406299, 0.23323798, -0.01206776, 0.15698184, 0.00082133, 0.01457454, 0.00051613, 8.223e-05, -0.01111881, -0.32440203, -0.25644255, -0.00059118, -0.03837451, 0.00372598, -0.00122025, -0.00119068, 0.16511104, 0.14093526, 0.00622613, 0.02520257, -0.01319968, -0.09907997, 0.0101619, 0.00327374, 0.00656819, -0.09352089, 0.08620919, 0.06848038, 0.00412686, -0.00434159, -0.01635647, -0.02516011, -0.0761232, -0.02353444, 0.05932186, 0.07859349, -0.00034047, 0.00719536, 0.00328286, 0.00776245, -0.00421573, -0.00280615, 0.00905334, 0.00744183, -0.04483822, 0.00106685, 0.00696998, 0.00738065, 0.12461745, 0.01155898, 0.00228156, -0.21058296, -0.00013791, -0.07247004, -0.00063159, -0.01149097, 0.05990634, 0.18008365, 0.16642672, 0.02065952, 0.12729596, -0.00250328, -0.00437725, -0.00164331, 0.01184018, -0.0041071, 0.01289718, 0.09250023, 0.00227118, 0.00554442, -0.00174016, 0.04986317, -0.02424797, -0.00277978, -0.05644178, 0.02207934, -0.01015983, 0.00975991, 0.0083934, -0.008502, 0.00066152, -0.11589477, -8.533e-05, 0.06617343, -0.00278879, -0.00283025, 0.00173204, 0.00423402, -0.00634578, 0.02547009, -0.01702671, -0.01663271, 0.0061322, 0.00528188, -0.00519211, 0.00811176, 0.09724332, 0.00528653, -0.01554759, 0.00116953, 0.01027152, -0.00192067, -0.00510816, 0.00124783, -0.01776092, 0.23349002, -0.00355586, 0.00060076, -0.26707631, 0.00318512, -0.00065769, 0.03478086, 0.03435682, -0.00466319, -0.01025203, 0.01053048, -0.00253338, -0.00483142, -0.07972395, 0.09264427, 0.00566182, -0.00028917, -0.01283008, 0.06633407, 0.07591216, 0.03311396, 0.16898307, -0.08584634, -0.0121721, -0.00024276]', '-', '2025-05-02 21:24:01', '2025-05-02 21:24:01', NULL),
(35, 3, '[-0.01459221, 0.00124779, -0.00688954, -0.01233135, -0.00860081, 0.02044371, -0.08617114, 0.00561225, -0.01411318, -0.00440345, -0.00434575, -0.00057353, 0.00177524, -0.01426146, -0.0011301, -0.06006667, -0.00160092, -0.00765596, 0.00192851, 0.00946171, 0.14738481, 0.0133815, -0.14957613, 0.00886237, 0.05931386, 0.017526, -0.01216518, 0.00235861, -0.06083782, 0.095557, 0.0191292, 0.05692618, -0.00816967, -0.00981743, -0.05696739, -0.19440123, 0.23089819, 0.01038089, -0.00416605, 0.04082636, -0.00039155, -0.00124034, 0.00781885, -0.00213457, -0.01026984, -0.01902483, -0.10277583, -0.06170468, -0.00761572, 0.05330522, 0.04129803, -5.81e-05, -0.20528069, -0.00339486, -0.1219442, 0.00261, 0.03720272, 0.00073764, -0.01300934, 0.0065132, -0.03640698, -0.07373238, 0.01326207, 0.02661024, -0.00574969, 0.25186589, -0.00091647, 0.0129608, -0.00052632, -0.00179334, -0.0017632, -0.43529272, -0.22312677, -0.00534034, -0.13632682, 0.0047342, -0.00728497, -0.0014833, 0.13780269, 0.17219277, 0.01151064, -0.00789738, -0.01047901, -0.04525004, -0.04864514, 0.00297829, 0.00368542, -0.04427745, 0.07462724, 0.127579, -0.0014726, 0.00174931, -0.01534662, -0.02321894, -0.13044052, 0.14079846, 0.00860376, 0.03507734, -0.0019611, 0.00115976, 0.00264298, 0.01127584, 0.00068431, -0.00272106, 0.00420283, 0.00264479, -0.10483368, 0.00279398, -0.00531723, 0.00691077, 0.16381863, 0.00747925, 0.00701591, -0.14487499, 0.00241825, -0.12319542, 0.00082431, -0.0144362, 0.08244793, 0.15216382, -0.17536291, 0.02071192, 0.12833707, -0.00284452, -5.84e-06, -0.00454037, 0.00744544, -0.00897889, 0.01855891, -0.01058521, 0.00382642, 0.00924398, 0.0004573, 0.03175855, 0.05513127, -0.0051088, -0.03007621, 0.02820651, -0.01234465, 0.00815256, 0.00682111, -0.00601747, 0.00708372, -0.02435918, -0.01531813, 0.06188644, 0.00260569, -0.00918999, -0.00230729, -0.00157364, -0.00228906, -0.07004384, 0.03452188, -0.01074152, 0.00824545, 0.00952835, -0.00290217, 0.0055272, 0.13353717, 0.001288, -0.00706734, 0.00146866, 0.01542641, -0.00269482, 0.00019727, 0.00087303, -0.02009023, 0.15300453, -0.004411, -0.00055314, -0.10548057, 0.04028476, 0.00357583, 0.02484793, 0.03110902, -0.00468128, 0.03259623, -0.00548404, -0.00252666, 0.00020299, -0.05735161, 0.1157121, 0.00236463, 0.00438117, 0.00861349, 0.04999556, 0.02415678, -0.0038275, 0.17587192, -0.15627681, -0.00207748, 0.00057427]', '-', '2025-05-02 21:24:01', '2025-05-02 21:24:01', NULL),
(36, 3, '[-0.0086532, -0.00063044, 0.00429397, -0.00919472, -0.01202525, 0.03778562, -0.07224794, 0.03234992, -0.00823554, -0.03377282, -0.00864112, 0.00161166, -0.00205769, -0.0103443, -0.00241644, -0.02854864, -0.02300781, -0.01136679, 0.00397926, 0.00883067, 0.19962864, -0.02270797, -0.31172156, 0.00827137, 0.03986771, 0.01714128, -0.01064867, 0.08571433, -0.00720901, -0.0789757, 0.01428104, -0.06251317, -0.08502381, -0.00695972, -0.05742775, 0.02314802, 0.14908303, 0.01450583, -0.00086147, -0.06918558, -0.00365919, 0.0002835, 0.00758637, -0.00431544, -0.00483909, -0.03049686, -0.05506325, 0.00992919, -0.00678486, 0.04893468, -0.04618607, -0.00061215, -0.05754889, -0.00102362, -0.22329675, -0.00017984, 0.07412528, 0.00043054, -0.01402196, 0.00696232, -0.06395264, -0.05396065, -0.09806097, 0.10346515, -0.0066684, 0.24577016, 0.00032255, 0.02496605, 0.00420733, -0.00395931, -0.01385696, -0.30508754, -0.35982975, -0.00467351, -0.03078886, 0.00548842, 0.00196488, -0.00375758, 0.13837522, 0.17457168, 0.00742338, 0.03855855, -0.01018021, 0.06104609, -0.04861115, 0.00260518, 0.00446702, -0.17058611, 0.05264499, -0.01103349, 0.01535629, -0.00564225, -0.01522202, -0.02033464, -0.1365874, -0.04202124, 0.04611374, 0.04805479, -0.00175871, -0.00641466, 0.00239911, 0.00028547, -0.00552183, -0.00102983, 0.0043808, 0.00658809, -0.04852697, 0.00384116, 0.00572521, 0.00018264, 0.02030705, 0.00318614, 0.00800381, -0.16615266, -0.00460164, -0.14787768, 0.00372362, -0.01230252, 0.10190199, 0.10638302, 0.03838068, 0.02005746, 0.01346522, -0.00616012, 0.00055494, -0.00499989, 0.01593187, -0.01014302, 0.01450757, 0.11872991, 0.00397859, 0.01046895, -0.0014871, 0.03326305, 0.01487069, -0.00069446, -0.02913167, 0.05336595, -0.00497536, 0.0184597, 0.00510559, -0.00699308, 0.0059556, -0.02559082, -0.00809599, 0.08676248, -0.00108835, -0.00093049, 0.00313059, 0.01041272, -0.00691937, -0.06043333, 0.08937936, -0.01232081, -0.0010188, 0.01050507, 0.00143071, 0.01500918, 0.0734363, 0.00128165, -0.00595782, 0.00015019, 0.01399325, -0.00145223, -0.00706087, -0.00302184, -0.00964866, 0.09662207, -0.00708904, -0.00233999, -0.27731922, -0.11845779, 0.00319574, 0.13243632, 0.01974172, -0.00453751, 0.00486213, 0.01875687, 0.00028159, -0.00206591, -0.08858221, 0.14480434, 0.00291103, 0.00592769, -0.02081721, -0.07717227, 0.0505515, -0.02800125, 0.08108659, -0.1059109, -0.01156679, -0.00252822]', '-', '2025-05-02 21:24:01', '2025-05-02 21:24:01', NULL),
(37, 4, '[-0.01104396, 0.00050436, -0.00492356, -0.00718959, -0.00614813, -0.01377177, -0.16993529, 0.07579444, 0.040486, 0.01478133, 0.01441479, -0.00100187, 0.00402553, -0.02004394, 0.00144274, -0.0083563, -0.01054251, -0.00337582, 0.00017416, 0.00199667, 0.05148825, -0.02020238, -0.25258622, 0.00533993, -0.07885925, 0.00104678, -0.0064092, -0.06478276, -0.13422574, 0.08015701, 0.02396131, 0.00826198, -0.14596517, -0.00846753, 0.01761512, -0.06920907, 0.01669247, 0.00742686, -0.00305451, 0.01889705, 0.00086208, 0.00130399, 0.00066312, 0.00077155, -0.00363412, 0.00011716, -0.21992193, 0.11197823, -0.00434629, 0.00195389, 0.00386033, 0.00284058, 0.02723137, 0.00166329, -0.09702423, 0.00523659, -0.12257075, 0.00116712, 0.0046783, -0.00628644, -0.09425959, 0.14088307, -0.02692098, 0.08265039, -0.0148153, 0.29335693, 0.00259636, 0.01694851, 0.00137351, -0.0001805, -0.00398511, -0.07819058, 0.00839689, -0.00597404, -0.18586078, 0.00468164, -0.00791241, 0.00098241, 0.09866481, 0.0130145, 0.00310961, 0.00780183, -0.00865626, 0.03609979, 0.03523527, 0.00217267, -0.00913817, 0.0205348, 0.0230277, 0.34484795, 0.03232446, 0.00195629, -0.01542276, -0.01149611, -0.12926839, 0.14614697, -0.02054884, 0.11191884, -0.00436126, -0.01716203, -0.00158316, 0.00156916, -0.00098553, -0.00376778, -0.00110928, 0.00235985, -0.0781001, 0.0006936, -0.00515875, -0.00679401, 0.0897992, 0.00368904, 0.00974227, -0.12189778, -0.00507146, -0.15207234, 0.01106472, 0.012926, 0.11424941, -1.728e-05, -0.06435049, 0.01877533, 0.09359318, -0.00044554, -0.00239467, -0.00345013, 0.00395604, -0.00428242, 0.02473208, 0.10759442, 0.00497999, 0.00703681, -0.00271988, 0.06585328, -0.04633407, 0.0025211, 0.00849823, -0.01193268, -0.00134444, 0.00294523, 0.0050858, 0.0010737, 0.00926673, -0.30701923, 0.07514083, -0.04966356, -0.00325794, -0.0078217, -0.00063552, 0.00380367, -0.01244044, -0.08176915, 0.12425295, -0.01220911, 0.0048752, 0.00826756, -0.01424658, 0.00205395, -0.00217671, -0.00267345, -0.00031464, 0.0022003, 0.01489783, -0.00020731, -0.00127697, -0.00093596, -0.01130586, 0.16605586, -0.00806256, -0.00252598, -0.2017394, -0.00937125, -0.0015393, 0.0654794, 0.02518261, -0.00612943, 0.05333937, 0.01761358, 0.00029775, 0.00427826, -0.02817183, 0.14280172, 0.00808331, 0.00684266, -0.08941963, -0.15330145, -0.0542217, -0.02506625, 0.19809696, 0.03888734, 0.00330487, -0.00278326]', '-', '2025-05-02 21:24:09', '2025-05-02 21:24:09', NULL),
(38, 4, '[-0.01436156, 0.00585808, 0.00411869, 0.01331589, -0.00356993, 0.06591578, -0.15742627, 0.14043662, -0.06878693, -0.11750933, -0.00800162, 0.00248809, 0.00200166, -0.01099744, 0.00366546, -0.01360195, -0.0238965, -0.00508289, -0.00089553, 0.01096812, 0.17100249, -0.04151746, -0.19628565, 0.00702083, 0.02636094, 0.00290615, -0.0199901, -0.06656999, -0.04913502, 0.15504776, 0.01057778, 0.04710714, -0.05027901, -0.00749009, -0.04652888, 0.0693517, -0.23189332, 0.03343569, -0.00447457, -0.29272676, 0.0025042, 0.00085665, -0.00154638, 0.00061941, -0.00481915, -0.03924121, -0.0412377, -0.04847837, 0.00252369, 0.03546605, -0.01514139, 0.0014446, 0.00591366, 0.00234132, -0.15318437, 0.00109523, -0.18865444, 0.00114063, 0.03007586, 0.00197365, -0.04356502, 0.06359312, -0.09484369, 0.12640204, -0.00924436, 0.18672469, 0.00169068, 0.02244687, -0.00451463, -0.00390153, -0.0062397, 0.11444123, -0.15606338, -0.0069101, 0.01553013, -0.00344934, 0.00154288, 1.822e-05, 0.14691117, 0.04669969, 0.00849435, 0.00920493, 0.00231415, -0.06966858, -0.00583252, -0.00295277, -0.01139147, 0.01942667, 0.06214567, 0.24877134, 6.574e-05, -0.00265715, -0.01496775, -0.02078696, -0.09337283, -0.14265943, 0.04385183, 0.09429013, -0.00583972, 0.01105736, 0.00136812, -0.00199204, -0.00053648, -0.00397986, 0.00484404, 0.00473095, -0.04060713, -0.00374186, -0.01700155, 0.00121425, 0.00710702, -0.0003658, 0.01194611, -0.29433027, -0.00422995, -0.03728967, 0.00561157, 0.00492825, 0.19934241, 0.10974941, -0.03099504, 0.01253439, 0.05560402, -0.00486991, -0.00236032, -0.0032983, 0.00587853, -0.00551368, 0.00198767, 0.06709491, 0.00876606, 0.00825757, -0.00323268, 0.01399851, -0.01082786, 0.0059578, 0.09783012, -0.01078865, 0.0154835, -0.00466824, 0.00378533, -0.00350678, 0.00524197, -0.32129255, 0.05376741, -0.05781294, -0.01365733, -0.00232912, -0.00897106, 0.00999697, -0.02111525, -0.01323437, 0.15601461, -0.00130606, -0.0007149, 0.00526563, -0.00163419, -0.00559408, -0.04017151, 0.00035608, 0.00587543, -0.00317709, 0.00370945, 0.00429827, -0.00087444, -0.00038067, -0.00546287, 0.01278279, -0.00878711, -0.00485148, -0.14901696, 0.01097576, -0.0048234, 0.01829317, 0.02570504, -0.00398219, 0.08368031, 0.05236767, 0.00355621, 0.00765998, 0.03226652, 0.07330646, 0.0184367, 0.00033172, 0.04698825, -0.03501029, -0.02802904, -0.04415974, 0.1276921, 0.09613711, 0.00128937, -0.00077934]', '-', '2025-05-02 21:24:09', '2025-05-02 21:24:09', NULL);

--
-- Indexes for dumped tables
--

--
-- Indexes for table `auth_group`
--
ALTER TABLE `auth_group`
  ADD PRIMARY KEY (`id`),
  ADD UNIQUE KEY `name` (`name`);

--
-- Indexes for table `auth_group_permissions`
--
ALTER TABLE `auth_group_permissions`
  ADD PRIMARY KEY (`id`),
  ADD UNIQUE KEY `auth_group_permissions_group_id_permission_id_0cd325b0_uniq` (`group_id`,`permission_id`),
  ADD KEY `auth_group_permissio_permission_id_84c5c92e_fk_auth_perm` (`permission_id`);

--
-- Indexes for table `auth_permission`
--
ALTER TABLE `auth_permission`
  ADD PRIMARY KEY (`id`),
  ADD UNIQUE KEY `auth_permission_content_type_id_codename_01ab375a_uniq` (`content_type_id`,`codename`);

--
-- Indexes for table `auth_user`
--
ALTER TABLE `auth_user`
  ADD PRIMARY KEY (`id`),
  ADD UNIQUE KEY `username` (`username`);

--
-- Indexes for table `auth_user_groups`
--
ALTER TABLE `auth_user_groups`
  ADD PRIMARY KEY (`id`),
  ADD UNIQUE KEY `auth_user_groups_user_id_group_id_94350c0c_uniq` (`user_id`,`group_id`),
  ADD KEY `auth_user_groups_group_id_97559544_fk_auth_group_id` (`group_id`);

--
-- Indexes for table `auth_user_user_permissions`
--
ALTER TABLE `auth_user_user_permissions`
  ADD PRIMARY KEY (`id`),
  ADD UNIQUE KEY `auth_user_user_permissions_user_id_permission_id_14a6b632_uniq` (`user_id`,`permission_id`),
  ADD KEY `auth_user_user_permi_permission_id_1fbb5f2c_fk_auth_perm` (`permission_id`);

--
-- Indexes for table `django_admin_log`
--
ALTER TABLE `django_admin_log`
  ADD PRIMARY KEY (`id`),
  ADD KEY `django_admin_log_content_type_id_c4bce8eb_fk_django_co` (`content_type_id`),
  ADD KEY `django_admin_log_user_id_c564eba6_fk_auth_user_id` (`user_id`);

--
-- Indexes for table `django_content_type`
--
ALTER TABLE `django_content_type`
  ADD PRIMARY KEY (`id`),
  ADD UNIQUE KEY `django_content_type_app_label_model_76bd3d3b_uniq` (`app_label`,`model`);

--
-- Indexes for table `django_migrations`
--
ALTER TABLE `django_migrations`
  ADD PRIMARY KEY (`id`);

--
-- Indexes for table `django_session`
--
ALTER TABLE `django_session`
  ADD PRIMARY KEY (`session_key`),
  ADD KEY `django_session_expire_date_a5c62663` (`expire_date`);

--
-- Indexes for table `jabatan`
--
ALTER TABLE `jabatan`
  ADD PRIMARY KEY (`id_jabatan`);

--
-- Indexes for table `log_absensi`
--
ALTER TABLE `log_absensi`
  ADD PRIMARY KEY (`id_log_absensi`),
  ADD KEY `id_pegawai` (`id_pegawai`);

--
-- Indexes for table `pegawai`
--
ALTER TABLE `pegawai`
  ADD PRIMARY KEY (`id_pegawai`),
  ADD UNIQUE KEY `nip` (`nip`),
  ADD KEY `id_jabatan` (`id_jabatan`),
  ADD KEY `id_unit_kerja` (`id_unit_kerja`);

--
-- Indexes for table `radius_absen`
--
ALTER TABLE `radius_absen`
  ADD PRIMARY KEY (`id_radius`);

--
-- Indexes for table `sipreti_biometrik`
--
ALTER TABLE `sipreti_biometrik`
  ADD PRIMARY KEY (`id`);

--
-- Indexes for table `unit_kerja`
--
ALTER TABLE `unit_kerja`
  ADD PRIMARY KEY (`id_unit_kerja`),
  ADD KEY `id_radius` (`id_radius`);

--
-- Indexes for table `user_android`
--
ALTER TABLE `user_android`
  ADD PRIMARY KEY (`id_user_android`),
  ADD UNIQUE KEY `id_pegawai` (`id_pegawai`),
  ADD UNIQUE KEY `username` (`username`),
  ADD UNIQUE KEY `email` (`email`);

--
-- Indexes for table `vektor_pegawai`
--
ALTER TABLE `vektor_pegawai`
  ADD PRIMARY KEY (`id_vektor_pegawai`),
  ADD KEY `id_pegawai` (`id_pegawai`);

--
-- AUTO_INCREMENT for dumped tables
--

--
-- AUTO_INCREMENT for table `auth_group`
--
ALTER TABLE `auth_group`
  MODIFY `id` int(11) NOT NULL AUTO_INCREMENT;

--
-- AUTO_INCREMENT for table `auth_group_permissions`
--
ALTER TABLE `auth_group_permissions`
  MODIFY `id` int(11) NOT NULL AUTO_INCREMENT;

--
-- AUTO_INCREMENT for table `auth_permission`
--
ALTER TABLE `auth_permission`
  MODIFY `id` int(11) NOT NULL AUTO_INCREMENT, AUTO_INCREMENT=29;

--
-- AUTO_INCREMENT for table `auth_user`
--
ALTER TABLE `auth_user`
  MODIFY `id` int(11) NOT NULL AUTO_INCREMENT;

--
-- AUTO_INCREMENT for table `auth_user_groups`
--
ALTER TABLE `auth_user_groups`
  MODIFY `id` int(11) NOT NULL AUTO_INCREMENT;

--
-- AUTO_INCREMENT for table `auth_user_user_permissions`
--
ALTER TABLE `auth_user_user_permissions`
  MODIFY `id` int(11) NOT NULL AUTO_INCREMENT;

--
-- AUTO_INCREMENT for table `django_admin_log`
--
ALTER TABLE `django_admin_log`
  MODIFY `id` int(11) NOT NULL AUTO_INCREMENT;

--
-- AUTO_INCREMENT for table `django_content_type`
--
ALTER TABLE `django_content_type`
  MODIFY `id` int(11) NOT NULL AUTO_INCREMENT, AUTO_INCREMENT=8;

--
-- AUTO_INCREMENT for table `django_migrations`
--
ALTER TABLE `django_migrations`
  MODIFY `id` int(11) NOT NULL AUTO_INCREMENT, AUTO_INCREMENT=19;

--
-- AUTO_INCREMENT for table `jabatan`
--
ALTER TABLE `jabatan`
  MODIFY `id_jabatan` int(11) NOT NULL AUTO_INCREMENT, AUTO_INCREMENT=7;

--
-- AUTO_INCREMENT for table `log_absensi`
--
ALTER TABLE `log_absensi`
  MODIFY `id_log_absensi` int(11) NOT NULL AUTO_INCREMENT, AUTO_INCREMENT=12;

--
-- AUTO_INCREMENT for table `pegawai`
--
ALTER TABLE `pegawai`
  MODIFY `id_pegawai` int(11) NOT NULL AUTO_INCREMENT, AUTO_INCREMENT=6;

--
-- AUTO_INCREMENT for table `radius_absen`
--
ALTER TABLE `radius_absen`
  MODIFY `id_radius` int(11) NOT NULL AUTO_INCREMENT, AUTO_INCREMENT=5;

--
-- AUTO_INCREMENT for table `sipreti_biometrik`
--
ALTER TABLE `sipreti_biometrik`
  MODIFY `id` int(11) NOT NULL AUTO_INCREMENT, AUTO_INCREMENT=9;

--
-- AUTO_INCREMENT for table `unit_kerja`
--
ALTER TABLE `unit_kerja`
  MODIFY `id_unit_kerja` int(11) NOT NULL AUTO_INCREMENT, AUTO_INCREMENT=3;

--
-- AUTO_INCREMENT for table `user_android`
--
ALTER TABLE `user_android`
  MODIFY `id_user_android` int(11) NOT NULL AUTO_INCREMENT, AUTO_INCREMENT=22;

--
-- AUTO_INCREMENT for table `vektor_pegawai`
--
ALTER TABLE `vektor_pegawai`
  MODIFY `id_vektor_pegawai` int(11) NOT NULL AUTO_INCREMENT, AUTO_INCREMENT=39;

--
-- Constraints for dumped tables
--

--
-- Constraints for table `auth_group_permissions`
--
ALTER TABLE `auth_group_permissions`
  ADD CONSTRAINT `auth_group_permissio_permission_id_84c5c92e_fk_auth_perm` FOREIGN KEY (`permission_id`) REFERENCES `auth_permission` (`id`),
  ADD CONSTRAINT `auth_group_permissions_group_id_b120cbf9_fk_auth_group_id` FOREIGN KEY (`group_id`) REFERENCES `auth_group` (`id`);

--
-- Constraints for table `auth_permission`
--
ALTER TABLE `auth_permission`
  ADD CONSTRAINT `auth_permission_content_type_id_2f476e4b_fk_django_co` FOREIGN KEY (`content_type_id`) REFERENCES `django_content_type` (`id`);

--
-- Constraints for table `auth_user_groups`
--
ALTER TABLE `auth_user_groups`
  ADD CONSTRAINT `auth_user_groups_group_id_97559544_fk_auth_group_id` FOREIGN KEY (`group_id`) REFERENCES `auth_group` (`id`),
  ADD CONSTRAINT `auth_user_groups_user_id_6a12ed8b_fk_auth_user_id` FOREIGN KEY (`user_id`) REFERENCES `auth_user` (`id`);

--
-- Constraints for table `auth_user_user_permissions`
--
ALTER TABLE `auth_user_user_permissions`
  ADD CONSTRAINT `auth_user_user_permi_permission_id_1fbb5f2c_fk_auth_perm` FOREIGN KEY (`permission_id`) REFERENCES `auth_permission` (`id`),
  ADD CONSTRAINT `auth_user_user_permissions_user_id_a95ead1b_fk_auth_user_id` FOREIGN KEY (`user_id`) REFERENCES `auth_user` (`id`);

--
-- Constraints for table `django_admin_log`
--
ALTER TABLE `django_admin_log`
  ADD CONSTRAINT `django_admin_log_content_type_id_c4bce8eb_fk_django_co` FOREIGN KEY (`content_type_id`) REFERENCES `django_content_type` (`id`),
  ADD CONSTRAINT `django_admin_log_user_id_c564eba6_fk_auth_user_id` FOREIGN KEY (`user_id`) REFERENCES `auth_user` (`id`);

--
-- Constraints for table `log_absensi`
--
ALTER TABLE `log_absensi`
  ADD CONSTRAINT `log_absensi_ibfk_1` FOREIGN KEY (`id_pegawai`) REFERENCES `pegawai` (`id_pegawai`) ON DELETE CASCADE ON UPDATE CASCADE;

--
-- Constraints for table `pegawai`
--
ALTER TABLE `pegawai`
  ADD CONSTRAINT `pegawai_ibfk_1` FOREIGN KEY (`id_jabatan`) REFERENCES `jabatan` (`id_jabatan`) ON DELETE SET NULL ON UPDATE CASCADE,
  ADD CONSTRAINT `pegawai_ibfk_2` FOREIGN KEY (`id_unit_kerja`) REFERENCES `unit_kerja` (`id_unit_kerja`) ON DELETE SET NULL ON UPDATE CASCADE;

--
-- Constraints for table `unit_kerja`
--
ALTER TABLE `unit_kerja`
  ADD CONSTRAINT `unit_kerja_ibfk_1` FOREIGN KEY (`id_radius`) REFERENCES `radius_absen` (`id_radius`) ON DELETE SET NULL ON UPDATE CASCADE;

--
-- Constraints for table `user_android`
--
ALTER TABLE `user_android`
  ADD CONSTRAINT `user_android_ibfk_1` FOREIGN KEY (`id_pegawai`) REFERENCES `pegawai` (`id_pegawai`) ON DELETE CASCADE ON UPDATE CASCADE;

--
-- Constraints for table `vektor_pegawai`
--
ALTER TABLE `vektor_pegawai`
  ADD CONSTRAINT `vektor_pegawai_ibfk_1` FOREIGN KEY (`id_pegawai`) REFERENCES `pegawai` (`id_pegawai`) ON DELETE CASCADE ON UPDATE CASCADE;
COMMIT;

/*!40101 SET CHARACTER_SET_CLIENT=@OLD_CHARACTER_SET_CLIENT */;
/*!40101 SET CHARACTER_SET_RESULTS=@OLD_CHARACTER_SET_RESULTS */;
/*!40101 SET COLLATION_CONNECTION=@OLD_COLLATION_CONNECTION */;
