-- phpMyAdmin SQL Dump
-- version 5.2.0
-- https://www.phpmyadmin.net/
--
-- Host: 127.0.0.1
-- Generation Time: May 08, 2025 at 05:23 AM
-- Server version: 10.4.27-MariaDB
-- PHP Version: 7.4.33

SET SQL_MODE = "NO_AUTO_VALUE_ON_ZERO";
START TRANSACTION;
SET time_zone = "+00:00";


/*!40101 SET @OLD_CHARACTER_SET_CLIENT=@@CHARACTER_SET_CLIENT */;
/*!40101 SET @OLD_CHARACTER_SET_RESULTS=@@CHARACTER_SET_RESULTS */;
/*!40101 SET @OLD_COLLATION_CONNECTION=@@COLLATION_CONNECTION */;
/*!40101 SET NAMES utf8mb4 */;

--
-- Database: `sipreti_db`
--

-- --------------------------------------------------------

--
-- Table structure for table `jabatan`
--

CREATE TABLE `jabatan` (
  `id_jabatan` int(11) NOT NULL,
  `nama_jabatan` varchar(255) NOT NULL,
  `created_at` timestamp NOT NULL DEFAULT current_timestamp(),
  `updated_at` timestamp NOT NULL DEFAULT current_timestamp() ON UPDATE current_timestamp(),
  `deleted_at` timestamp NULL DEFAULT NULL
) ENGINE=InnoDB DEFAULT CHARSET=utf8mb4 COLLATE=utf8mb4_general_ci;

--
-- Dumping data for table `jabatan`
--

INSERT INTO `jabatan` (`id_jabatan`, `nama_jabatan`, `created_at`, `updated_at`, `deleted_at`) VALUES
(1, 'Guru SMP Negeri', '2025-03-11 12:09:36', '2025-03-11 18:10:55', '2025-03-11 12:10:55'),
(2, 'Administrasi', '2025-03-11 12:10:06', '2025-03-11 18:10:06', NULL),
(3, 'Dosen PTN', '2025-03-11 21:43:24', '2025-03-12 04:53:38', '2025-03-11 22:53:38'),
(4, 'Pemberdayaan Masyarakat', '2025-03-11 22:18:48', '2025-03-12 04:21:11', '2025-03-11 22:21:11'),
(5, 'Pranata Komputer', '2025-03-11 22:52:51', '2025-03-11 23:03:28', NULL),
(6, 'Dosen', '2025-03-11 23:03:14', '2025-05-07 17:42:35', '2025-05-07 12:42:35'),
(7, 'Guru', '2025-05-07 12:42:31', '2025-05-07 17:42:31', NULL);

-- --------------------------------------------------------

--
-- Table structure for table `log_absensi`
--

CREATE TABLE `log_absensi` (
  `id_log_absensi` int(11) NOT NULL,
  `id_pegawai` int(11) NOT NULL,
  `jenis_absensi` tinyint(4) NOT NULL COMMENT '0: harian, 1: dinas',
  `check_mode` tinyint(4) NOT NULL COMMENT '0: check in, 1: check out',
  `waktu_absensi` datetime NOT NULL,
  `lattitude` double NOT NULL,
  `longitude` double NOT NULL,
  `nama_lokasi` varchar(255) DEFAULT NULL,
  `url_foto_presensi` varchar(255) DEFAULT NULL,
  `url_dokumen` varchar(255) DEFAULT NULL,
  `created_at` timestamp NOT NULL DEFAULT current_timestamp(),
  `updated_at` timestamp NOT NULL DEFAULT current_timestamp() ON UPDATE current_timestamp(),
  `deleted_at` timestamp NULL DEFAULT NULL
) ENGINE=InnoDB DEFAULT CHARSET=utf8mb4 COLLATE=utf8mb4_general_ci;

--
-- Dumping data for table `log_absensi`
--

INSERT INTO `log_absensi` (`id_log_absensi`, `id_pegawai`, `jenis_absensi`, `check_mode`, `waktu_absensi`, `lattitude`, `longitude`, `nama_lokasi`, `url_foto_presensi`, `url_dokumen`, `created_at`, `updated_at`, `deleted_at`) VALUES
(1, 2, 1, 0, '0000-00-00 00:00:00', 1, 1, '-', '-', '-', '2025-03-12 01:23:29', '2025-03-12 07:23:48', '2025-03-12 01:23:48'),
(2, 4, 0, 1, '2025-03-19 08:00:00', -6.2, 106.8166, 'Kantor Pusat', '-', NULL, '2025-03-18 20:50:26', '2025-03-19 02:51:02', '2025-03-18 20:51:02'),
(3, 4, 0, 1, '2025-03-19 08:00:00', -6.2, 106.8166, 'Kantor Pusat', 'http://localhost/sipreti/uploads/4/foto_20250319_040321.jpg', 'http://localhost/sipreti/uploads/4/dokumen_20250319_040321.pdf', '2025-03-18 21:03:21', '2025-05-06 16:01:49', '2025-05-06 11:01:49'),
(4, 3, 0, 1, '2025-03-19 08:00:00', -6.2, 106.8166, 'Kantor Pusat', 'http://localhost/sipreti/uploads/3/foto_20250319_040333.jpg', 'http://localhost/sipreti/uploads/3/dokumen_20250319_040333.pdf', '2025-03-18 21:03:33', '2025-05-06 16:01:55', '2025-05-06 11:01:55'),
(5, 3, 0, 1, '2025-03-19 08:00:00', -6.2, 106.8166, 'Kantor Pusat', 'http://localhost/sipreti/uploads/3/foto_20250319_040438.jpg', NULL, '2025-03-18 21:04:38', '2025-03-19 03:04:38', NULL),
(6, 3, 0, 1, '2025-03-19 08:00:00', -6.2, 106.8166, 'Kantor Pusat', 'http://localhost/sipreti/uploads/3/foto_20250319_040529.jpg', NULL, '2025-03-18 21:05:29', '2025-03-19 03:05:29', NULL),
(7, 4, 0, 1, '2025-03-19 08:00:00', -6.2, 106.8166, 'Kantor Pusat', 'http://localhost/sipreti/uploads/4/foto_20250501_193803.jpg', NULL, '2025-05-01 12:38:03', '2025-05-01 17:38:03', NULL),
(8, 3, 0, 0, '2025-05-02 10:49:41', -7.943759, 112.6144014, '3J47+JQG, 3J47+JQG, Jatimulyo, Kecamatan Lowokwaru, Jawa Timur, , Indonesia', 'http://localhost/sipreti/uploads/3/foto_20250502_055033.jpg', NULL, '2025-05-01 22:50:33', '2025-05-02 03:50:33', NULL),
(9, 3, 0, 0, '2025-05-02 13:32:14', -7.9436309, 112.6144218, '3J47+JQG, 3J47+JQG, Jatimulyo, Kecamatan Lowokwaru, Jawa Timur, , Indonesia', 'http://localhost/sipreti/uploads/3/foto_20250502_083317.jpg', NULL, '2025-05-02 01:33:17', '2025-05-02 06:33:17', NULL),
(10, 3, 0, 0, '2025-05-02 13:40:13', -7.9436406, 112.6142068, '3J47+JQG, 3J47+JQG, Jatimulyo, Kecamatan Lowokwaru, Jawa Timur, , Indonesia', 'http://localhost/sipreti/uploads/3/foto_20250502_084110.jpg', NULL, '2025-05-02 01:41:10', '2025-05-02 06:41:10', NULL),
(11, 3, 0, 0, '2025-05-03 10:47:23', -7.9437105, 112.6143933, '3J47+JQG, 3J47+JQG, Jatimulyo, Kecamatan Lowokwaru, Jawa Timur, , Indonesia', 'http://localhost/sipreti/uploads/3/foto_20250503_055031.jpg', NULL, '2025-05-02 22:50:31', '2025-05-03 03:50:31', NULL);

-- --------------------------------------------------------

--
-- Table structure for table `pegawai`
--

CREATE TABLE `pegawai` (
  `id_pegawai` int(11) NOT NULL,
  `id_jabatan` int(11) DEFAULT NULL,
  `id_unit_kerja` int(11) DEFAULT NULL,
  `nip` varchar(50) NOT NULL,
  `nama` varchar(255) NOT NULL,
  `url_foto` varchar(255) DEFAULT NULL,
  `created_at` timestamp NOT NULL DEFAULT current_timestamp(),
  `updated_at` timestamp NOT NULL DEFAULT current_timestamp() ON UPDATE current_timestamp(),
  `deleted_at` timestamp NULL DEFAULT NULL
) ENGINE=InnoDB DEFAULT CHARSET=utf8mb4 COLLATE=utf8mb4_general_ci;

--
-- Dumping data for table `pegawai`
--

INSERT INTO `pegawai` (`id_pegawai`, `id_jabatan`, `id_unit_kerja`, `nip`, `nama`, `url_foto`, `created_at`, `updated_at`, `deleted_at`) VALUES
(1, 2, 1, '1929182832', 'Jonathan Rizki', '-', '2025-03-12 00:54:26', '2025-03-12 06:55:21', '2025-03-12 00:55:21'),
(2, 1, 1, '1928192819', 'Budiyono', '-', '2025-03-12 00:54:51', '2025-05-06 09:30:36', '2025-05-06 04:30:36'),
(3, 2, 1, '2141720064', 'Raden Rizki', '-', '2025-03-12 21:12:12', '2025-05-05 04:11:23', NULL),
(4, 5, 1, '2141820192', 'Chico Kurniawan', '-', '2025-03-12 22:03:07', '2025-03-13 04:03:07', NULL),
(5, 1, 1, '120', 'Budiyono', '-', '2025-05-06 11:04:52', '2025-05-06 16:04:52', NULL);

-- --------------------------------------------------------

--
-- Table structure for table `radius_absen`
--

CREATE TABLE `radius_absen` (
  `id_radius` int(11) NOT NULL,
  `ukuran` float NOT NULL,
  `created_at` timestamp NOT NULL DEFAULT current_timestamp(),
  `updated_at` timestamp NOT NULL DEFAULT current_timestamp() ON UPDATE current_timestamp(),
  `deleted_at` timestamp NULL DEFAULT NULL
) ENGINE=InnoDB DEFAULT CHARSET=utf8mb4 COLLATE=utf8mb4_general_ci;

--
-- Dumping data for table `radius_absen`
--

INSERT INTO `radius_absen` (`id_radius`, `ukuran`, `created_at`, `updated_at`, `deleted_at`) VALUES
(1, 100, '2025-03-11 23:55:21', '2025-03-12 05:55:21', NULL),
(2, 60, '2025-03-11 23:56:17', '2025-03-12 05:56:41', '2025-03-11 23:56:41'),
(3, 50, '2025-03-12 00:26:32', '2025-03-12 06:26:32', NULL),
(4, 60, '2025-03-12 00:59:48', '2025-03-12 06:59:48', NULL);

-- --------------------------------------------------------

--
-- Table structure for table `unit_kerja`
--

CREATE TABLE `unit_kerja` (
  `id_unit_kerja` int(11) NOT NULL,
  `id_radius` int(11) DEFAULT NULL,
  `nama_unit_kerja` varchar(255) NOT NULL,
  `alamat` text NOT NULL,
  `lattitude` double NOT NULL,
  `longitude` double NOT NULL,
  `created_at` timestamp NOT NULL DEFAULT current_timestamp(),
  `updated_at` timestamp NOT NULL DEFAULT current_timestamp() ON UPDATE current_timestamp(),
  `deleted_at` timestamp NULL DEFAULT NULL
) ENGINE=InnoDB DEFAULT CHARSET=utf8mb4 COLLATE=utf8mb4_general_ci;

--
-- Dumping data for table `unit_kerja`
--

INSERT INTO `unit_kerja` (`id_unit_kerja`, `id_radius`, `nama_unit_kerja`, `alamat`, `lattitude`, `longitude`, `created_at`, `updated_at`, `deleted_at`) VALUES
(1, 1, 'Politeknik Negeri Malang', 'Jl. Soekarno Hatta No.9, Jatimulyo, Kec. Lowokwaru, Kota Malang, Jawa Timur 65141, Indonesia', -7.9437612, 112.6143654, '2025-03-12 00:34:03', '2025-03-12 00:34:23', NULL),
(2, 3, 'Politeknik Negeri Malang', '-', 1, 1, '2025-03-12 00:34:53', '2025-03-12 06:35:00', '2025-03-12 00:35:00');

-- --------------------------------------------------------

--
-- Table structure for table `user_android`
--

CREATE TABLE `user_android` (
  `id_user_android` int(11) NOT NULL,
  `id_pegawai` int(11) NOT NULL,
  `username` varchar(100) NOT NULL,
  `password` varchar(255) NOT NULL,
  `email` varchar(255) NOT NULL,
  `no_hp` varchar(20) NOT NULL,
  `valid_hp` varchar(10) DEFAULT NULL,
  `imei` varchar(50) DEFAULT NULL,
  `created_at` timestamp NOT NULL DEFAULT current_timestamp(),
  `updated_at` timestamp NOT NULL DEFAULT current_timestamp() ON UPDATE current_timestamp(),
  `deleted_at` timestamp NULL DEFAULT NULL
) ENGINE=InnoDB DEFAULT CHARSET=utf8mb4 COLLATE=utf8mb4_general_ci;

--
-- Dumping data for table `user_android`
--

INSERT INTO `user_android` (`id_user_android`, `id_pegawai`, `username`, `password`, `email`, `no_hp`, `valid_hp`, `imei`, `created_at`, `updated_at`, `deleted_at`) VALUES
(21, 3, 'Raden Rizki', '$2y$10$uftAgicN9XDjpXYDxZuzeOJn9EkQC1/gn9eBQjbAHTOoj4lisKW2a', 'rizkiraden616@gmail.com', '085784659725', 'OPPO CPH26', 'UP1A.231005.007', '2025-05-01 21:49:53', '2025-05-02 02:49:53', NULL);

-- --------------------------------------------------------

--
-- Table structure for table `vektor_pegawai`
--

CREATE TABLE `vektor_pegawai` (
  `id_vektor_pegawai` int(11) NOT NULL,
  `id_pegawai` int(11) NOT NULL,
  `face_embeddings` text NOT NULL,
  `url_foto` varchar(255) DEFAULT NULL,
  `created_at` timestamp NOT NULL DEFAULT current_timestamp(),
  `updated_at` timestamp NOT NULL DEFAULT current_timestamp() ON UPDATE current_timestamp(),
  `deleted_at` timestamp NULL DEFAULT NULL
) ENGINE=InnoDB DEFAULT CHARSET=utf8mb4 COLLATE=utf8mb4_general_ci;

--
-- Dumping data for table `vektor_pegawai`
--

INSERT INTO `vektor_pegawai` (`id_vektor_pegawai`, `id_pegawai`, `face_embeddings`, `url_foto`, `created_at`, `updated_at`, `deleted_at`) VALUES
(44, 3, '[-0.018301576375961304, 0.007255755830556154, 0.0023721957113593817, -0.017012203112244606, -0.020751656964421272, 0.012176558375358582, 0.02594713866710663, -0.004164622165262699, -0.08887478709220886, -0.024407315999269485, 0.0014754696749150753, 0.0012020518770441413, 0.006177331320941448, -0.003979498986154795, -0.0021390984766185284, -0.022560173645615578, -0.013546581380069256, -0.005777818616479635, 0.00432898523285985, 0.007152190897613764, 0.21296873688697815, -0.00034477084409445524, -0.259044885635376, 0.008393608964979649, 0.04251924157142639, 0.028974562883377075, -0.013725272379815578, 0.10219606012105942, -0.022408122196793556, 0.07203812897205353, 0.013469075784087181, -0.017738642171025276, -0.05042162165045738, -0.009178885258734226, -0.07656186819076538, -0.012644249945878983, 0.17569014430046082, 0.013087923638522625, -0.0016270108753815293, -0.06480370461940765, -0.0007067728438414633, -0.00026318602613173425, 0.004547009244561195, -0.003045943332836032, -0.006019918248057365, -0.02151826210319996, -0.1735302209854126, 0.019617250189185143, -0.007764164358377457, 0.04532003402709961, -0.0759182944893837, -0.002393763279542327, -0.09167725592851639, -0.002410327782854438, -0.14971624314785004, 0.009666094556450844, 0.08256053179502487, -0.0004408670647535473, -0.0246255025267601, 0.008227227255702019, -0.03255053982138634, 0.00704147620126605, -0.044062986969947815, 0.23323798179626465, -0.01206776313483715, 0.15698184072971344, 0.0008213276159949601, 0.01457454264163971, 0.000516130356118083, 8.223323675338179e-05, -0.011118806898593903, -0.3244020342826843, -0.2564425468444824, -0.0005911806365475059, -0.038374513387680054, 0.0037259787786751986, -0.001220249687321484, -0.0011906768195331097, 0.16511103510856628, 0.1409352570772171, 0.0062261298298835754, 0.025202572345733643, -0.013199676759541035, -0.09907996654510498, 0.010161897167563438, 0.003273738082498312, 0.0065681892447173595, -0.093520887196064, 0.08620919287204742, 0.06848037987947464, 0.004126858431845903, -0.004341592080891132, -0.01635647378861904, -0.025160111486911774, -0.0761232003569603, -0.023534441366791725, 0.05932185798883438, 0.07859349250793457, -0.0003404746821615845, 0.007195357698947191, 0.003282861551269889, 0.007762447465211153, -0.004215726163238287, -0.002806150820106268, 0.009053344838321209, 0.007441833149641752, -0.04483821615576744, 0.0010668528266251087, 0.006969975307583809, 0.00738065131008625, 0.12461744993925095, 0.01155898254364729, 0.002281562425196171, -0.21058295667171478, -0.00013790931552648544, -0.0724700391292572, -0.0006315915961749852, -0.011490967124700546, 0.05990634486079216, 0.18008364737033844, 0.16642671823501587, 0.020659515634179115, 0.12729595601558685, -0.0025032833218574524, -0.004377249628305435, -0.0016433133278042078, 0.01184018049389124, -0.004107101354748011, 0.01289717573672533, 0.0925002321600914, 0.002271183067932725, 0.0055444189347326756, -0.001740160514600575, 0.049863170832395554, -0.024247966706752777, -0.002779783681035042, -0.0564417764544487, 0.022079335525631905, -0.010159828700125217, 0.009759905748069286, 0.00839340128004551, -0.00850200280547142, 0.0006615222082473338, -0.11589477211236954, -8.532789070159197e-05, 0.06617343425750732, -0.0027887902688235044, -0.0028302541468292475, 0.0017320411279797554, 0.004234021063894033, -0.006345776375383139, 0.02547009475529194, -0.017026711255311966, -0.01663271151483059, 0.0061322045512497425, 0.005281875841319561, -0.005192110314965248, 0.008111762814223766, 0.09724331647157669, 0.005286531522870064, -0.015547594986855984, 0.0011695286957547069, 0.010271523147821426, -0.001920666778460145, -0.00510815717279911, 0.0012478348799049854, -0.01776091568171978, 0.2334900200366974, -0.0035558638628572226, 0.0006007604533806443, -0.267076313495636, 0.0031851246021687984, -0.0006576931336894631, 0.03478085622191429, 0.034356821328401566, -0.0046631889417767525, -0.01025202963501215, 0.010530482977628708, -0.002533381339162588, -0.004831422585994005, -0.07972395420074463, 0.09264426678419113, 0.00566182192414999, -0.0002891732146963477, -0.012830079533159733, 0.066334068775177, 0.07591215521097183, 0.033113960176706314, 0.1689830720424652, -0.08584634214639664, -0.012172096408903599, -0.00024275947362184525]', '-', '2025-05-07 04:35:38', '2025-05-07 04:35:38', NULL),
(45, 3, '[-0.014592207036912441, 0.001247794134542346, -0.0068895393051207066, -0.012331351637840271, -0.008600807748734951, 0.020443709567189217, -0.08617113530635834, 0.005612250883132219, -0.01411317940801382, -0.004403452388942242, -0.004345749970525503, -0.0005735271261073649, 0.0017752405256032944, -0.014261456206440926, -0.0011301010381430387, -0.060066670179367065, -0.001600918942131102, -0.0076559619046747684, 0.0019285089801996946, 0.00946170836687088, 0.14738480746746063, 0.01338149793446064, -0.1495761275291443, 0.008862373419106007, 0.05931385979056358, 0.01752600260078907, -0.01216517761349678, 0.0023586107417941093, -0.06083781644701958, 0.09555700421333313, 0.019129201769828796, 0.0569261834025383, -0.008169671520590782, -0.009817427955567837, -0.056967392563819885, -0.19440123438835144, 0.2308981865644455, 0.010380894877016544, -0.004166053142398596, 0.040826357901096344, -0.000391552341170609, -0.0012403401779010892, 0.007818850688636303, -0.0021345671266317368, -0.01026984490454197, -0.01902482844889164, -0.10277582705020905, -0.06170468404889107, -0.007615718524903059, 0.05330522358417511, 0.0412980318069458, -5.810479342471808e-05, -0.20528069138526917, -0.0033948642667382956, -0.12194419652223587, 0.0026100040413439274, 0.03720271587371826, 0.0007376364665105939, -0.01300934236496687, 0.006513204891234636, -0.0364069789648056, -0.07373238354921341, 0.013262069784104824, 0.0266102384775877, -0.005749685689806938, 0.2518658936023712, -0.0009164692601189017, 0.012960798107087612, -0.0005263207713142037, -0.0017933411290869117, -0.0017631981754675508, -0.43529272079467773, -0.22312676906585693, -0.00534034101292491, -0.13632681965827942, 0.004734204150736332, -0.007284966763108969, -0.0014832961605861783, 0.13780269026756287, 0.1721927672624588, 0.011510639451444149, -0.007897380739450455, -0.010479005984961987, -0.04525004327297211, -0.04864514246582985, 0.002978287637233734, 0.003685422008857131, -0.04427744820713997, 0.07462723553180695, 0.127579003572464, -0.001472602365538478, 0.0017493106424808502, -0.01534662302583456, -0.023218942806124687, -0.13044051826000214, 0.14079846441745758, 0.008603758178651333, 0.03507734462618828, -0.0019611029420048, 0.0011597585398703814, 0.0026429768186062574, 0.011275844648480415, 0.0006843132432550192, -0.0027210551779717207, 0.004202825482934713, 0.0026447915006428957, -0.10483368486166, 0.002793984254822135, -0.005317232105880976, 0.00691077159717679, 0.1638186275959015, 0.007479245308786631, 0.007015912793576717, -0.14487498998641968, 0.0024182507768273354, -0.12319541722536087, 0.0008243131451308727, -0.014436200261116028, 0.08244793117046356, 0.1521638184785843, -0.17536291480064392, 0.02071191929280758, 0.1283370703458786, -0.0028445187490433455, -5.837580374645768e-06, -0.004540374502539635, 0.0074454378336668015, -0.008978894911706448, 0.018558906391263008, -0.010585210286080837, 0.0038264247123152018, 0.009243983775377274, 0.00045729728299193084, 0.03175855055451393, 0.05513127148151398, -0.005108802113682032, -0.03007620945572853, 0.028206512331962585, -0.012344654649496078, 0.008152562193572521, 0.006821108516305685, -0.006017468404024839, 0.007083715870976448, -0.02435918152332306, -0.015318130142986774, 0.061886437237262726, 0.002605694578960538, -0.00918999221175909, -0.002307287184521556, -0.001573639689013362, -0.0022890560794621706, -0.07004383951425552, 0.03452187776565552, -0.010741517879068851, 0.008245447650551796, 0.009528346359729767, -0.0029021743685007095, 0.0055271959863603115, 0.1335371732711792, 0.0012880000285804272, -0.007067336700856686, 0.0014686636859551072, 0.01542640756815672, -0.002694817027077079, 0.0001972704631043598, 0.0008730277768336236, -0.020090226083993912, 0.15300452709197998, -0.004411001689732075, -0.0005531389615498483, -0.10548056662082672, 0.040284764021635056, 0.003575826995074749, 0.024847934022545815, 0.031109023839235306, -0.004681278020143509, 0.032596226781606674, -0.00548403849825263, -0.0025266611482948065, 0.00020299298921599984, -0.05735161155462265, 0.11571209877729416, 0.00236463057808578, 0.0043811737559735775, 0.008613490499556065, 0.04999556019902229, 0.024156782776117325, -0.003827498061582446, 0.17587192356586456, -0.15627680718898773, -0.0020774835720658302, 0.0005742724169977009]', '-', '2025-05-07 04:35:38', '2025-05-07 04:35:38', NULL),
(46, 3, '[-0.008653202094137669, -0.000630444148555398, 0.004293973091989756, -0.009194721467792988, -0.012025252915918827, 0.037785615772008896, -0.0722479373216629, 0.03234992176294327, -0.008235539309680462, -0.03377281874418259, -0.008641118183732033, 0.0016116565093398094, -0.0020576934330165386, -0.010344304144382477, -0.0024164398200809956, -0.02854864113032818, -0.023007813841104507, -0.01136679109185934, 0.003979261964559555, 0.008830665610730648, 0.19962863624095917, -0.022707972675561905, -0.3117215633392334, 0.008271374739706516, 0.03986770659685135, 0.017141275107860565, -0.010648670606315136, 0.08571432530879974, -0.007209009490907192, -0.07897569984197617, 0.01428103819489479, -0.06251317262649536, -0.08502380549907684, -0.006959723308682442, -0.057427745312452316, 0.02314801700413227, 0.14908303320407867, 0.014505832456052303, -0.0008614706457592547, -0.06918558478355408, -0.003659186651930213, 0.0002834998012986034, 0.007586369290947914, -0.004315439611673355, -0.004839092493057251, -0.030496863648295403, -0.05506324768066406, 0.00992918573319912, -0.006784858647733927, 0.048934683203697205, -0.04618607461452484, -0.0006121514015831053, -0.057548888027668, -0.0010236211819574237, -0.22329674661159515, -0.00017983805446419865, 0.074125275015831, 0.0004305408801883459, -0.014021961949765682, 0.006962315179407597, -0.06395263969898224, -0.0539606511592865, -0.0980609655380249, 0.10346514731645584, -0.0066684032790362835, 0.2457701563835144, 0.0003225510008633137, 0.024966051802039146, 0.0042073349468410015, -0.00395931163802743, -0.013856959529221058, -0.30508753657341003, -0.35982975363731384, -0.00467351358383894, -0.030788855627179146, 0.005488420836627483, 0.0019648822490125895, -0.0037575785536319017, 0.13837522268295288, 0.1745716780424118, 0.007423377130180597, 0.03855855390429497, -0.010180210694670677, 0.06104608625173569, -0.048611149191856384, 0.002605183282867074, 0.004467022605240345, -0.17058610916137695, 0.052644994109869, -0.011033490300178528, 0.015356292016804218, -0.005642245523631573, -0.015222018584609032, -0.02033464051783085, -0.13658739626407623, -0.042021244764328, 0.04611373692750931, 0.04805478826165199, -0.0017587067559361458, -0.0064146569930016994, 0.00239911419339478, 0.0002854662307072431, -0.005521832499653101, -0.0010298349661752582, 0.004380795639008284, 0.0065880874171853065, -0.04852697253227234, 0.003841160796582699, 0.005725209601223469, 0.00018264263053424656, 0.02030705101788044, 0.003186142072081566, 0.008003806695342064, -0.16615265607833862, -0.004601636435836554, -0.14787767827510834, 0.0037236216012388468, -0.012302522547543049, 0.10190199315547943, 0.10638301819562912, 0.03838067501783371, 0.02005746029317379, 0.013465223833918571, -0.006160123273730278, 0.0005549423513002694, -0.004999893717467785, 0.0159318745136261, -0.010143019258975983, 0.014507574029266834, 0.11872991174459457, 0.003978589549660683, 0.010468950495123863, -0.0014871010789647698, 0.03326305374503136, 0.014870692975819111, -0.0006944622728042305, -0.02913166768848896, 0.05336594581604004, -0.004975360818207264, 0.018459703773260117, 0.005105592776089907, -0.006993079092353582, 0.005955602508038282, -0.025590820237994194, -0.008095994591712952, 0.08676248043775558, -0.0010883471695706248, -0.0009304915438406169, 0.0031305940356105566, 0.01041271910071373, -0.006919372361153364, -0.06043332815170288, 0.08937935531139374, -0.012320811860263348, -0.0010188000742346048, 0.010505073703825474, 0.0014307129895314574, 0.015009178780019283, 0.07343630492687225, 0.0012816502712666988, -0.005957819987088442, 0.0001501935621490702, 0.013993246480822563, -0.0014522349229082465, -0.007060873322188854, -0.0030218360479921103, -0.009648656472563744, 0.09662207216024399, -0.007089043036103249, -0.0023399880155920982, -0.2773192226886749, -0.11845779418945312, 0.0031957351602613926, 0.13243632018566132, 0.019741715863347054, -0.004537511151283979, 0.004862125031650066, 0.018756873905658722, 0.0002815916668623686, -0.002065906999632716, -0.08858221024274826, 0.14480434358119965, 0.0029110340401530266, 0.005927686579525471, -0.020817214623093605, -0.07717227190732956, 0.05055149644613266, -0.028001245111227036, 0.08108659088611603, -0.10591090470552444, -0.011566785164177418, -0.002528218552470207]', '-', '2025-05-07 04:35:38', '2025-05-07 04:35:38', NULL),
(47, 4, '[-0.011043964885175228, 0.0005043550627306104, -0.004923562984913588, -0.007189591880887747, -0.00614812970161438, -0.01377177145332098, -0.16993528604507446, 0.07579444348812103, 0.04048600047826767, 0.014781327918171883, 0.014414793811738491, -0.0010018710745498538, 0.004025529138743877, -0.02004394307732582, 0.0014427350834012032, -0.008356303907930851, -0.010542509146034718, -0.003375820815563202, 0.00017416458285879344, 0.0019966682884842157, 0.051488250494003296, -0.020202383399009705, -0.2525862157344818, 0.0053399307653307915, -0.07885925471782684, 0.001046780846081674, -0.006409202702343464, -0.0647827610373497, -0.1342257410287857, 0.08015701174736023, 0.02396131120622158, 0.008261977694928646, -0.14596517384052277, -0.00846752617508173, 0.017615115270018578, -0.06920906901359558, 0.01669246517121792, 0.007426856085658073, -0.0030545091722160578, 0.018897054716944695, 0.0008620820590294898, 0.0013039858313277364, 0.0006631199503317475, 0.0007715522078797221, -0.003634123597294092, 0.00011716379958670586, -0.21992193162441254, 0.11197822540998459, -0.004346286412328482, 0.001953885657712817, 0.003860326949506998, 0.002840577159076929, 0.027231372892856598, 0.0016632904298603535, -0.09702423214912415, 0.005236587952822447, -0.12257075309753418, 0.0011671190150082111, 0.0046783010475337505, -0.006286440417170525, -0.0942595899105072, 0.14088307321071625, -0.026920979842543602, 0.08265039324760437, -0.014815296977758408, 0.29335692524909973, 0.0025963573716580868, 0.016948506236076355, 0.0013735112734138966, -0.000180504604941234, -0.003985112067312002, -0.07819058001041412, 0.008396889083087444, -0.0059740422293543816, -0.1858607828617096, 0.004681644961237907, -0.007912412285804749, 0.0009824105072766542, 0.09866481274366379, 0.013014501892030239, 0.0031096101738512516, 0.007801830302923918, -0.008656260557472706, 0.036099787801504135, 0.035235270857810974, 0.002172666834667325, -0.009138165973126888, 0.020534798502922058, 0.023027703166007996, 0.3448479473590851, 0.03232446312904358, 0.001956287305802107, -0.015422758646309376, -0.011496108025312424, -0.12926839292049408, 0.1461469680070877, -0.02054884098470211, 0.11191883683204651, -0.0043612574227154255, -0.017162028700113297, -0.0015831609489396214, 0.0015691632870584726, -0.0009855253156274557, -0.0037677837535738945, -0.0011092761997133493, 0.0023598531261086464, -0.07810010015964508, 0.0006935952114872634, -0.005158752668648958, -0.006794007029384375, 0.08979920297861099, 0.0036890357732772827, 0.009742270223796368, -0.12189777940511703, -0.0050714584067463875, -0.15207234025001526, 0.011064723134040833, 0.01292599830776453, 0.11424940824508667, -1.7283236957155168e-05, -0.06435049325227737, 0.018775325268507004, 0.09359318017959595, -0.00044553796760737896, -0.002394668757915497, -0.003450127551332116, 0.003956036176532507, -0.004282417241483927, 0.0247320756316185, 0.10759442299604416, 0.004979985300451517, 0.007036812137812376, -0.002719879848882556, 0.06585328280925751, -0.04633406922221184, 0.0025211009196937084, 0.008498226292431355, -0.011932680383324623, -0.0013444426003843546, 0.002945226151496172, 0.0050857956521213055, 0.001073704450391233, 0.009266729466617107, -0.3070192337036133, 0.07514083385467529, -0.04966356232762337, -0.0032579395920038223, -0.007821695879101753, -0.0006355215446092188, 0.0038036727346479893, -0.012440440244972706, -0.08176914602518082, 0.12425294518470764, -0.012209114618599415, 0.004875196609646082, 0.008267558179795742, -0.014246580190956593, 0.00205395114608109, -0.002176713664084673, -0.002673449693247676, -0.0003146397939417511, 0.0022003042977303267, 0.014897828921675682, -0.00020730854885187, -0.0012769674649462104, -0.0009359574178233743, -0.011305859312415123, 0.1660558581352234, -0.008062561973929405, -0.0025259756948798895, -0.20173940062522888, -0.009371253661811352, -0.0015392996137961745, 0.06547939777374268, 0.025182614102959633, -0.006129428278654814, 0.05333936586976051, 0.01761358417570591, 0.0002977538970299065, 0.004278258420526981, -0.028171833604574203, 0.14280171692371368, 0.008083313703536987, 0.006842659320682287, -0.08941962569952011, -0.1533014476299286, -0.054221704602241516, -0.025066249072551727, 0.19809696078300476, 0.03888734430074692, 0.0033048735931515694, -0.0027832614723592997]', '-', '2025-05-07 04:35:46', '2025-05-07 04:35:46', NULL),
(48, 4, '[-0.014361564069986343, 0.005858081392943859, 0.004118687938898802, 0.013315893709659576, -0.0035699305590242147, 0.0659157782793045, -0.15742626786231995, 0.14043661952018738, -0.06878693401813507, -0.11750932782888412, -0.008001617155969143, 0.0024880869314074516, 0.002001662040129304, -0.010997439734637737, 0.00366545794531703, -0.013601948507130146, -0.02389649674296379, -0.0050828889943659306, -0.0008955259108915925, 0.010968116112053394, 0.17100249230861664, -0.0415174625813961, -0.1962856501340866, 0.007020825054496527, 0.02636093832552433, 0.002906152745708823, -0.019990099593997, -0.0665699914097786, -0.04913502186536789, 0.15504775941371918, 0.010577776469290257, 0.047107141464948654, -0.05027901381254196, -0.007490094285458326, -0.046528883278369904, 0.0693516954779625, -0.23189331591129303, 0.03343568742275238, -0.004474570043385029, -0.2927267551422119, 0.0025041960179805756, 0.0008566525648348033, -0.0015463778981938958, 0.0006194142624735832, -0.004819151014089584, -0.03924121335148811, -0.04123770445585251, -0.048478368669748306, 0.002523692324757576, 0.03546604886651039, -0.015141391195356846, 0.0014445993583649397, 0.005913656670600176, 0.0023413191083818674, -0.15318436920642853, 0.0010952295269817114, -0.18865443766117096, 0.001140629523433745, 0.030075857415795326, 0.0019736462272703648, -0.043565019965171814, 0.06359311938285828, -0.09484368562698364, 0.12640203535556793, -0.009244364686310291, 0.1867246925830841, 0.001690682373009622, 0.022446874529123306, -0.00451463321223855, -0.0039015281945466995, -0.006239696405827999, 0.11444123089313507, -0.15606337785720825, -0.006910104304552078, 0.015530132688581944, -0.003449335927143693, 0.0015428824117407203, 1.82240255526267e-05, 0.14691117405891418, 0.04669969156384468, 0.008494347333908081, 0.009204930625855923, 0.0023141514975577593, -0.06966857612133026, -0.005832515191286802, -0.0029527731239795685, -0.011391473934054375, 0.01942666806280613, 0.062145672738552094, 0.24877133965492249, 6.574021972483024e-05, -0.0026571538764983416, -0.014967748895287514, -0.020786963403224945, -0.09337282925844193, -0.14265942573547363, 0.0438518300652504, 0.09429012984037399, -0.005839716177433729, 0.011057356372475624, 0.0013681165874004364, -0.0019920384511351585, -0.0005364818498492241, -0.00397985614836216, 0.0048440429382026196, 0.004730946384370327, -0.04060713201761246, -0.003741864114999771, -0.017001550644636154, 0.0012142503401264548, 0.007107018027454615, -0.000365795218385756, 0.011946109123528004, -0.29433026909828186, -0.004229946993291378, -0.03728967159986496, 0.005611570086330175, 0.004928245209157467, 0.19934241473674774, 0.10974941402673721, -0.030995039269328117, 0.012534388341009617, 0.05560402199625969, -0.004869909957051277, -0.0023603192530572414, -0.003298295196145773, 0.005878534633666277, -0.005513682495802641, 0.0019876721780747175, 0.06709491461515427, 0.0087660551071167, 0.008257566019892693, -0.0032326846849173307, 0.013998513109982014, -0.010827858000993729, 0.0059578027576208115, 0.09783011674880981, -0.01078865397721529, 0.015483499504625797, -0.0046682399697601795, 0.0037853338290005922, -0.003506777575239539, 0.005241970531642437, -0.32129254937171936, 0.053767405450344086, -0.05781294032931328, -0.013657329604029655, -0.0023291197139769793, -0.008971063420176506, 0.009996969252824783, -0.021115252748131752, -0.013234371319413185, 0.1560146063566208, -0.0013060636119917035, -0.0007149020093493164, 0.005265627987682819, -0.0016341875307261944, -0.00559408450499177, -0.040171511471271515, 0.00035607852623797953, 0.005875427275896072, -0.003177093109115958, 0.003709453856572509, 0.0042982748709619045, -0.0008744437946006656, -0.00038066896377131343, -0.0054628667421638966, 0.012782789766788483, -0.00878711137920618, -0.0048514800146222115, -0.14901696145534515, 0.010975758545100689, -0.004823402967303991, 0.018293172121047974, 0.025705035775899887, -0.003982190508395433, 0.08368030935525894, 0.052367668598890305, 0.0035562149714678526, 0.0076599810272455215, 0.032266516238451004, 0.07330646365880966, 0.018436700105667114, 0.00033171818358823657, 0.04698825255036354, -0.035010285675525665, -0.02802904322743416, -0.04415974020957947, 0.1276921033859253, 0.09613710641860962, 0.0012893693055957556, -0.0007793408003635705]', '-', '2025-05-07 04:35:46', '2025-05-07 04:35:46', NULL);

--
-- Indexes for dumped tables
--

--
-- Indexes for table `jabatan`
--
ALTER TABLE `jabatan`
  ADD PRIMARY KEY (`id_jabatan`);

--
-- Indexes for table `log_absensi`
--
ALTER TABLE `log_absensi`
  ADD PRIMARY KEY (`id_log_absensi`),
  ADD KEY `id_pegawai` (`id_pegawai`);

--
-- Indexes for table `pegawai`
--
ALTER TABLE `pegawai`
  ADD PRIMARY KEY (`id_pegawai`),
  ADD UNIQUE KEY `nip` (`nip`),
  ADD KEY `id_jabatan` (`id_jabatan`),
  ADD KEY `id_unit_kerja` (`id_unit_kerja`);

--
-- Indexes for table `radius_absen`
--
ALTER TABLE `radius_absen`
  ADD PRIMARY KEY (`id_radius`);

--
-- Indexes for table `unit_kerja`
--
ALTER TABLE `unit_kerja`
  ADD PRIMARY KEY (`id_unit_kerja`),
  ADD KEY `id_radius` (`id_radius`);

--
-- Indexes for table `user_android`
--
ALTER TABLE `user_android`
  ADD PRIMARY KEY (`id_user_android`),
  ADD UNIQUE KEY `id_pegawai` (`id_pegawai`),
  ADD UNIQUE KEY `username` (`username`),
  ADD UNIQUE KEY `email` (`email`);

--
-- Indexes for table `vektor_pegawai`
--
ALTER TABLE `vektor_pegawai`
  ADD PRIMARY KEY (`id_vektor_pegawai`),
  ADD KEY `id_pegawai` (`id_pegawai`);

--
-- AUTO_INCREMENT for dumped tables
--

--
-- AUTO_INCREMENT for table `jabatan`
--
ALTER TABLE `jabatan`
  MODIFY `id_jabatan` int(11) NOT NULL AUTO_INCREMENT, AUTO_INCREMENT=8;

--
-- AUTO_INCREMENT for table `log_absensi`
--
ALTER TABLE `log_absensi`
  MODIFY `id_log_absensi` int(11) NOT NULL AUTO_INCREMENT, AUTO_INCREMENT=12;

--
-- AUTO_INCREMENT for table `pegawai`
--
ALTER TABLE `pegawai`
  MODIFY `id_pegawai` int(11) NOT NULL AUTO_INCREMENT, AUTO_INCREMENT=6;

--
-- AUTO_INCREMENT for table `radius_absen`
--
ALTER TABLE `radius_absen`
  MODIFY `id_radius` int(11) NOT NULL AUTO_INCREMENT, AUTO_INCREMENT=5;

--
-- AUTO_INCREMENT for table `unit_kerja`
--
ALTER TABLE `unit_kerja`
  MODIFY `id_unit_kerja` int(11) NOT NULL AUTO_INCREMENT, AUTO_INCREMENT=3;

--
-- AUTO_INCREMENT for table `user_android`
--
ALTER TABLE `user_android`
  MODIFY `id_user_android` int(11) NOT NULL AUTO_INCREMENT, AUTO_INCREMENT=22;

--
-- AUTO_INCREMENT for table `vektor_pegawai`
--
ALTER TABLE `vektor_pegawai`
  MODIFY `id_vektor_pegawai` int(11) NOT NULL AUTO_INCREMENT, AUTO_INCREMENT=49;

--
-- Constraints for dumped tables
--

--
-- Constraints for table `log_absensi`
--
ALTER TABLE `log_absensi`
  ADD CONSTRAINT `log_absensi_ibfk_1` FOREIGN KEY (`id_pegawai`) REFERENCES `pegawai` (`id_pegawai`) ON DELETE CASCADE ON UPDATE CASCADE;

--
-- Constraints for table `pegawai`
--
ALTER TABLE `pegawai`
  ADD CONSTRAINT `pegawai_ibfk_1` FOREIGN KEY (`id_jabatan`) REFERENCES `jabatan` (`id_jabatan`) ON DELETE SET NULL ON UPDATE CASCADE,
  ADD CONSTRAINT `pegawai_ibfk_2` FOREIGN KEY (`id_unit_kerja`) REFERENCES `unit_kerja` (`id_unit_kerja`) ON DELETE SET NULL ON UPDATE CASCADE;

--
-- Constraints for table `unit_kerja`
--
ALTER TABLE `unit_kerja`
  ADD CONSTRAINT `unit_kerja_ibfk_1` FOREIGN KEY (`id_radius`) REFERENCES `radius_absen` (`id_radius`) ON DELETE SET NULL ON UPDATE CASCADE;

--
-- Constraints for table `user_android`
--
ALTER TABLE `user_android`
  ADD CONSTRAINT `user_android_ibfk_1` FOREIGN KEY (`id_pegawai`) REFERENCES `pegawai` (`id_pegawai`) ON DELETE CASCADE ON UPDATE CASCADE;

--
-- Constraints for table `vektor_pegawai`
--
ALTER TABLE `vektor_pegawai`
  ADD CONSTRAINT `vektor_pegawai_ibfk_1` FOREIGN KEY (`id_pegawai`) REFERENCES `pegawai` (`id_pegawai`) ON DELETE CASCADE ON UPDATE CASCADE;
COMMIT;

/*!40101 SET CHARACTER_SET_CLIENT=@OLD_CHARACTER_SET_CLIENT */;
/*!40101 SET CHARACTER_SET_RESULTS=@OLD_CHARACTER_SET_RESULTS */;
/*!40101 SET COLLATION_CONNECTION=@OLD_COLLATION_CONNECTION */;
